날짜,코드,물류 기기,수량
20200101,1,A,6
20200102,1,A,45
20200103,1,A,25
20200104,1,A,18
20200106,1,A,39
20200107,1,A,57
20200108,1,A,45
20200109,1,A,45
20200110,1,A,49
20200111,1,A,13
20200113,1,A,30
20200114,1,A,40
20200115,1,A,63
20200116,1,A,51
20200117,1,A,31
20200118,1,A,7
20200120,1,A,64
20200121,1,A,67
20200122,1,A,43
20200123,1,A,48
20200124,1,A,1
20200128,1,A,18
20200129,1,A,18
20200130,1,A,66
20200131,1,A,24
20200201,1,A,6
20200203,1,A,4
20200204,1,A,69
20200205,1,A,57
20200206,1,A,31
20200207,1,A,37
20200208,1,A,13
20200210,1,A,15
20200211,1,A,34
20200212,1,A,27
20200213,1,A,24
20200214,1,A,27
20200215,1,A,6
20200217,1,A,28
20200218,1,A,27
20200219,1,A,48
20200220,1,A,33
20200221,1,A,34
20200222,1,A,12
20200224,1,A,22
20200225,1,A,24
20200226,1,A,25
20200227,1,A,31
20200228,1,A,34
20200229,1,A,3
20200302,1,A,18
20200303,1,A,46
20200304,1,A,55
20200305,1,A,36
20200306,1,A,33
20200307,1,A,9
20200309,1,A,24
20200310,1,A,45
20200311,1,A,55
20200312,1,A,30
20200313,1,A,21
20200314,1,A,12
20200316,1,A,30
20200317,1,A,49
20200318,1,A,46
20200319,1,A,45
20200320,1,A,28
20200321,1,A,10
20200323,1,A,24
20200324,1,A,49
20200325,1,A,54
20200326,1,A,37
20200327,1,A,18
20200328,1,A,4
20200330,1,A,27
20200331,1,A,15
20200401,1,A,96
20200402,1,A,48
20200403,1,A,37
20200404,1,A,18
20200406,1,A,34
20200407,1,A,30
20200408,1,A,27
20200409,1,A,33
20200410,1,A,37
20200411,1,A,12
20200413,1,A,25
20200414,1,A,40
20200415,1,A,18
20200416,1,A,24
20200417,1,A,34
20200418,1,A,4
20200420,1,A,46
20200421,1,A,16
20200422,1,A,27
20200423,1,A,33
20200424,1,A,31
20200425,1,A,4
20200427,1,A,69
20200428,1,A,39
20200429,1,A,31
20200430,1,A,4
20200501,1,A,33
20200502,1,A,24
20200504,1,A,48
20200505,1,A,12
20200506,1,A,90
20200507,1,A,99
20200508,1,A,78
20200509,1,A,21
20200511,1,A,79
20200512,1,A,121
20200513,1,A,60
20200514,1,A,120
20200515,1,A,103
20200516,1,A,18
20200518,1,A,88
20200519,1,A,114
20200520,1,A,94
20200521,1,A,178
20200522,1,A,54
20200523,1,A,24
20200525,1,A,84
20200526,1,A,55
20200527,1,A,103
20200528,1,A,138
20200529,1,A,7
20200601,1,A,70
20200602,1,A,43
20200603,1,A,52
20200604,1,A,72
20200605,1,A,52
20200606,1,A,7
20200608,1,A,112
20200609,1,A,88
20200610,1,A,90
20200611,1,A,63
20200612,1,A,99
20200613,1,A,7
20200615,1,A,67
20200616,1,A,79
20200617,1,A,91
20200618,1,A,72
20200619,1,A,97
20200620,1,A,30
20200622,1,A,61
20200623,1,A,75
20200624,1,A,24
20200625,1,A,61
20200626,1,A,43
20200627,1,A,24
20200629,1,A,36
20200630,1,A,46
20200701,1,A,69
20200702,1,A,25
20200703,1,A,36
20200704,1,A,6
20200706,1,A,28
20200707,1,A,12
20200708,1,A,43
20200709,1,A,34
20200710,1,A,39
20200713,1,A,42
20200714,1,A,15
20200715,1,A,7
20200716,1,A,16
20200717,1,A,9
20200718,1,A,3
20200720,1,A,36
20200721,1,A,30
20200722,1,A,45
20200723,1,A,45
20200724,1,A,42
20200727,1,A,4
20200728,1,A,15
20200729,1,A,9
20200730,1,A,57
20200731,1,A,750
20200801,1,A,24
20200802,1,A,0
20200803,1,A,97
20200804,1,A,82
20200805,1,A,94
20200806,1,A,87
20200807,1,A,51
20200808,1,A,19
20200810,1,A,34
20200811,1,A,48
20200812,1,A,37
20200813,1,A,4
20200814,1,A,0
20200815,1,A,3
20200816,1,A,0
20200817,1,A,30
20200818,1,A,48
20200819,1,A,57
20200820,1,A,87
20200821,1,A,94
20200822,1,A,10
20200823,1,A,0
20200824,1,A,76
20200825,1,A,85
20200826,1,A,39
20200827,1,A,96
20200828,1,A,61
20200829,1,A,4
20200831,1,A,46
20200901,1,A,1
20200902,1,A,1
20200903,1,A,4
20200904,1,A,6
20200907,1,A,9
20200908,1,A,10
20200909,1,A,13
20200910,1,A,4
20200911,1,A,1
20200914,1,A,3
20200916,1,A,1
20200917,1,A,1
20200918,1,A,1
20200921,1,A,1
20200923,1,A,1
20200924,1,A,7
20200925,1,A,1
20200926,1,A,1
20200928,1,A,1
20200929,1,A,1695
20200930,1,A,4
20201006,1,A,46
20201007,1,A,33
20201013,1,A,9
20201015,1,A,1
20201019,1,A,4
20201022,1,A,1
20201023,1,A,4
20201026,1,A,3
20201027,1,A,1
20201028,1,A,1
20201029,1,A,1
20201030,1,A,39
20201031,1,A,1789
20201102,1,A,79
20201103,1,A,184
20201104,1,A,129
20201105,1,A,91
20201106,1,A,82
20201107,1,A,27
20201109,1,A,22
20201110,1,A,108
20201111,1,A,100
20201112,1,A,90
20201113,1,A,91
20201114,1,A,4
20201116,1,A,49
20201117,1,A,94
20201118,1,A,100
20201119,1,A,66
20201120,1,A,57
20201123,1,A,55
20201124,1,A,84
20201125,1,A,67
20201126,1,A,114
20201127,1,A,85
20201128,1,A,3
20201130,1,A,67
20201201,1,A,225
20201202,1,A,141
20201203,1,A,139
20201204,1,A,139
20201205,1,A,18
20201207,1,A,52
20201208,1,A,82
20201209,1,A,138
20201210,1,A,93
20201211,1,A,103
20201212,1,A,7
20201214,1,A,109
20201215,1,A,115
20201216,1,A,123
20201217,1,A,112
20201218,1,A,111
20201219,1,A,7
20201221,1,A,99
20201222,1,A,91
20201223,1,A,87
20201224,1,A,99
20201225,1,A,7
20201226,1,A,22
20201228,1,A,117
20201229,1,A,48
20201230,1,A,106
20201231,1,A,58
20210102,1,A,12
20210104,1,A,72
20210105,1,A,177
20210106,1,A,136
20210107,1,A,147
20210108,1,A,97
20210109,1,A,37
20210111,1,A,90
20210112,1,A,88
20210113,1,A,100
20210114,1,A,64
20210115,1,A,102
20210116,1,A,31
20210118,1,A,76
20210119,1,A,106
20210120,1,A,109
20210121,1,A,94
20210122,1,A,79
20210123,1,A,40
20210125,1,A,81
20210126,1,A,73
20210127,1,A,123
20210128,1,A,55
20210129,1,A,49
20210130,1,A,6
20210201,1,A,66
20210202,1,A,150
20210203,1,A,129
20210204,1,A,123
20210205,1,A,114
20210206,1,A,34
20210208,1,A,82
20210209,1,A,94
20210210,1,A,60
20210211,1,A,4
20210215,1,A,55
20210216,1,A,57
20210217,1,A,124
20210218,1,A,105
20210219,1,A,39
20210220,1,A,13
20210222,1,A,159
20210223,1,A,91
20210224,1,A,108
20210225,1,A,69
20210226,1,A,121
20210227,1,A,6
20210301,1,A,24
20210302,1,A,66
20210303,1,A,174
20210304,1,A,117
20210305,1,A,115
20210306,1,A,21
20210308,1,A,150
20210309,1,A,111
20210310,1,A,114
20210311,1,A,61
20210312,1,A,75
20210313,1,A,1
20210315,1,A,69
20210316,1,A,58
20210317,1,A,85
20210318,1,A,78
20210319,1,A,43
20210320,1,A,16
20210322,1,A,102
20210323,1,A,88
20210324,1,A,93
20210325,1,A,97
20210326,1,A,82
20210327,1,A,1
20210329,1,A,43
20210330,1,A,81
20210331,1,A,45
20210401,1,A,72
20210402,1,A,94
20210403,1,A,13
20210405,1,A,81
20210406,1,A,217
20210407,1,A,96
20210408,1,A,117
20210409,1,A,160
20210412,1,A,81
20210413,1,A,60
20210414,1,A,151
20210415,1,A,76
20210416,1,A,49
20210417,1,A,7
20210419,1,A,171
20210420,1,A,114
20210421,1,A,96
20210422,1,A,94
20210423,1,A,181
20210424,1,A,12
20210426,1,A,87
20210427,1,A,61
20210428,1,A,211
20210429,1,A,118
20210430,1,A,48
20210501,1,A,7
20210503,1,A,84
20210504,1,A,115
20210505,1,A,15
20210506,1,A,120
20210507,1,A,112
20210508,1,A,30
20210510,1,A,136
20210511,1,A,115
20210512,1,A,60
20210513,1,A,130
20210514,1,A,91
20210515,1,A,19
20210517,1,A,67
20210518,1,A,75
20210519,1,A,30
20210520,1,A,88
20210521,1,A,136
20210522,1,A,12
20210524,1,A,82
20210525,1,A,81
20210526,1,A,64
20210527,1,A,90
20210528,1,A,85
20210531,1,A,102
20210601,1,A,49
20210602,1,A,99
20210603,1,A,87
20210604,1,A,37
20210605,1,A,18
20210607,1,A,61
20210608,1,A,75
20210609,1,A,97
20210610,1,A,54
20210611,1,A,43
20210612,1,A,13
20210614,1,A,63
20210615,1,A,46
20210616,1,A,93
20210617,1,A,39
20210618,1,A,43
20210621,1,A,51
20210622,1,A,43
20210623,1,A,78
20210624,1,A,67
20210625,1,A,55
20210626,1,A,7
20210628,1,A,48
20210629,1,A,82
20210630,1,A,21
20210701,1,A,82
20210702,1,A,76
20210703,1,A,15
20210705,1,A,88
20210706,1,A,141
20210707,1,A,67
20210708,1,A,96
20210709,1,A,66
20210710,1,A,6
20210712,1,A,123
20210713,1,A,88
20210714,1,A,93
20210715,1,A,84
20210716,1,A,61
20210717,1,A,9
20210719,1,A,72
20210720,1,A,90
20210721,1,A,39
20210722,1,A,9
20210723,1,A,18
20210724,1,A,12
20210726,1,A,36
20210727,1,A,9
20210728,1,A,22
20210729,1,A,37
20210730,1,A,130
20210802,1,A,75
20210803,1,A,72
20210804,1,A,132
20210805,1,A,84
20210806,1,A,82
20210807,1,A,25
20210809,1,A,61
20210810,1,A,106
20210811,1,A,85
20210814,1,A,33
20210816,1,A,67
20210817,1,A,15
20210818,1,A,109
20210819,1,A,105
20210820,1,A,123
20210821,1,A,4
20210823,1,A,60
20210824,1,A,43
20210825,1,A,84
20210826,1,A,24
20210827,1,A,39
20210828,1,A,10
20210830,1,A,66
20210831,1,A,10573
20210901,1,A,108
20210902,1,A,87
20210903,1,A,147
20210904,1,A,49
20210905,1,A,610
20210906,1,A,79
20210907,1,A,88
20210908,1,A,91
20210909,1,A,90
20210910,1,A,87
20210911,1,A,15
20210913,1,A,60
20210914,1,A,102
20210915,1,A,99
20210916,1,A,90
20210917,1,A,40
20210918,1,A,10
20210923,1,A,189
20210924,1,A,154
20210925,1,A,4
20210927,1,A,148
20210928,1,A,90
20210929,1,A,109
20210930,1,A,84
20211001,1,A,73
20211002,1,A,19
20211004,1,A,21
20211005,1,A,81
20211006,1,A,147
20211007,1,A,138
20211008,1,A,127
20211009,1,A,13
20211011,1,A,40
20211012,1,A,103
20211013,1,A,67
20211014,1,A,130
20211015,1,A,99
20211018,1,A,142
20211019,1,A,136
20211020,1,A,82
20211021,1,A,87
20211022,1,A,55
20211023,1,A,10
20211025,1,A,60
20211026,1,A,37
20211027,1,A,226
20211028,1,A,169
20211029,1,A,46
20211031,1,A,64948
20211101,1,A,79
20211102,1,A,94
20211103,1,A,129
20211104,1,A,106
20211105,1,A,69
20211106,1,A,9
20211108,1,A,55
20211109,1,A,115
20211110,1,A,87
20211111,1,A,139
20211112,1,A,175
20211113,1,A,13
20211115,1,A,126
20211116,1,A,169
20211117,1,A,84
20211118,1,A,133
20211119,1,A,93
20211120,1,A,3
20211122,1,A,111
20211123,1,A,72
20211124,1,A,78
20211125,1,A,72
20211126,1,A,66
20211127,1,A,12
20211129,1,A,49
20211130,1,A,52
20211201,1,A,136
20211202,1,A,85
20211203,1,A,51
20211204,1,A,21
20211206,1,A,72
20211207,1,A,70
20211208,1,A,90
20211209,1,A,100
20211210,1,A,72
20211211,1,A,6
20211213,1,A,67
20211214,1,A,108
20211215,1,A,115
20211216,1,A,156
20211217,1,A,154
20211218,1,A,10
20211220,1,A,51
20211221,1,A,66
20211222,1,A,54
20211223,1,A,121
20211224,1,A,58
20211225,1,A,45
20211227,1,A,67
20211228,1,A,121
20211229,1,A,103
20211230,1,A,108
20211231,1,A,76
20220103,1,A,46
20220104,1,A,78
20220105,1,A,154
20220106,1,A,99
20220107,1,A,108
20220108,1,A,36
20220110,1,A,150
20220111,1,A,126
20220112,1,A,256
20220113,1,A,129
20220114,1,A,78
20220115,1,A,15
20220117,1,A,52
20220118,1,A,105
20220119,1,A,66
20220120,1,A,115
20220121,1,A,183
20220122,1,A,3
20220124,1,A,108
20220125,1,A,118
20220126,1,A,93
20220127,1,A,133
20220128,1,A,49
20220203,1,A,172
20220204,1,A,178
20220205,1,A,39
20220207,1,A,234
20220208,1,A,376
20220209,1,A,507
20220210,1,A,352
20220211,1,A,330
20220212,1,A,58
20220214,1,A,304
20220215,1,A,249
20220216,1,A,388
20220217,1,A,297
20220218,1,A,312
20220219,1,A,69
20220221,1,A,210
20220222,1,A,387
20220223,1,A,424
20220224,1,A,408
20220225,1,A,345
20220226,1,A,48
20220228,1,A,103
20220301,1,A,88
20220302,1,A,58
20220303,1,A,246
20220304,1,A,160
20220305,1,A,64
20220307,1,A,147
20220308,1,A,202
20220309,1,A,147
20220310,1,A,190
20220311,1,A,178
20220312,1,A,30
20220314,1,A,184
20220315,1,A,210
20220316,1,A,189
20220317,1,A,213
20220318,1,A,114
20220319,1,A,48
20220321,1,A,153
20220322,1,A,202
20220323,1,A,168
20220324,1,A,246
20220325,1,A,153
20220326,1,A,43
20220328,1,A,169
20220329,1,A,211
20220330,1,A,136
20220331,1,A,157
20220401,1,A,163
20220402,1,A,36
20220404,1,A,163
20220405,1,A,234
20220406,1,A,355
20220407,1,A,267
20220408,1,A,186
20220409,1,A,16
20220411,1,A,142
20220412,1,A,127
20220413,1,A,235
20220414,1,A,225
20220415,1,A,196
20220416,1,A,22
20220418,1,A,382
20220419,1,A,193
20220420,1,A,327
20220421,1,A,219
20220422,1,A,171
20220423,1,A,43
20220425,1,A,249
20220426,1,A,103
20220427,1,A,265
20220428,1,A,267
20220429,1,A,219
20220430,1,A,45
20220501,1,A,1242
20220502,1,A,261
20220503,1,A,243
20220504,1,A,340
20220505,1,A,49
20220506,1,A,348
20220507,1,A,52
20220509,1,A,286
20220510,1,A,231
20220511,1,A,277
20220512,1,A,268
20220513,1,A,192
20220514,1,A,82
20220516,1,A,220
20220517,1,A,370
20220518,1,A,265
20220519,1,A,345
20220520,1,A,249
20220521,1,A,84
20220523,1,A,334
20220524,1,A,172
20220525,1,A,295
20220526,1,A,319
20220527,1,A,202
20220528,1,A,114
20220530,1,A,243
20220531,1,A,178
20220601,1,A,84
20220602,1,A,234
20220603,1,A,180
20220604,1,A,54
20220606,1,A,58
20220607,1,A,225
20220608,1,A,310
20220609,1,A,292
20220610,1,A,238
20220611,1,A,25
20220613,1,A,261
20220614,1,A,301
20220615,1,A,162
20220616,1,A,342
20220617,1,A,235
20220618,1,A,39
20220620,1,A,241
20220621,1,A,240
20220622,1,A,295
20220623,1,A,367
20220624,1,A,274
20220625,1,A,15
20220627,1,A,250
20220628,1,A,237
20220629,1,A,321
20220630,1,A,270
20220701,1,A,195
20220702,1,A,81
20220704,1,A,286
20220705,1,A,255
20220706,1,A,264
20220707,1,A,367
20220708,1,A,153
20220709,1,A,73
20220711,1,A,250
20220712,1,A,297
20220713,1,A,243
20220714,1,A,223
20220715,1,A,88
20220716,1,A,169
20220718,1,A,201
20220719,1,A,292
20220720,1,A,282
20220721,1,A,115
20220722,1,A,100
20220723,1,A,36
20220725,1,A,219
20220726,1,A,69
20220727,1,A,144
20220728,1,A,97
20220729,1,A,526
20220730,1,A,96
20220801,1,A,166
20220802,1,A,229
20220803,1,A,334
20220804,1,A,226
20220805,1,A,328
20220806,1,A,88
20220808,1,A,229
20220809,1,A,258
20220810,1,A,327
20220811,1,A,91
20220812,1,A,106
20220813,1,A,40
20220816,1,A,313
20220817,1,A,273
20220818,1,A,337
20220819,1,A,292
20220820,1,A,22
20220822,1,A,298
20220823,1,A,351
20220824,1,A,492
20220825,1,A,241
20220826,1,A,388
20220827,1,A,25
20220829,1,A,187
20220830,1,A,216
20220831,1,A,457
20220901,1,A,342
20220902,1,A,217
20220903,1,A,183
20220905,1,A,337
20220906,1,A,222
20220907,1,A,276
20220908,1,A,231
20220912,1,A,10
20220913,1,A,394
20220914,1,A,139
20220915,1,A,421
20220916,1,A,310
20220917,1,A,76
20220919,1,A,183
20220920,1,A,372
20220921,1,A,273
20220922,1,A,439
20220923,1,A,267
20220924,1,A,40
20220926,1,A,294
20220927,1,A,262
20220928,1,A,426
20220929,1,A,297
20220930,1,A,259
20221001,1,A,13
20221003,1,A,37
20221004,1,A,234
20221005,1,A,261
20221006,1,A,244
20221007,1,A,271
20221008,1,A,27
20221010,1,A,75
20221011,1,A,217
20221012,1,A,322
20221013,1,A,315
20221014,1,A,405
20221015,1,A,7
20221017,1,A,298
20221018,1,A,255
20221019,1,A,448
20221020,1,A,427
20221021,1,A,196
20221022,1,A,28
20221024,1,A,354
20221025,1,A,237
20221026,1,A,294
20221027,1,A,240
20221028,1,A,222
20221029,1,A,88
20221031,1,A,298
20221101,1,A,499
20221102,1,A,442
20221103,1,A,583
20221104,1,A,559
20221105,1,A,63
20221107,1,A,502
20221108,1,A,370
20221109,1,A,619
20221110,1,A,363
20221111,1,A,681
20221112,1,A,96
20221114,1,A,336
20221115,1,A,585
20221116,1,A,427
20221117,1,A,492
20221118,1,A,415
20221119,1,A,1
20221121,1,A,603
20221122,1,A,435
20221123,1,A,544
20221124,1,A,376
20221125,1,A,205
20221126,1,A,45
20221128,1,A,639
20221129,1,A,433
20221130,1,A,244
20221201,1,A,513
20221202,1,A,325
20221203,1,A,37
20221205,1,A,373
20221206,1,A,237
20221207,1,A,289
20221208,1,A,352
20221209,1,A,342
20221210,1,A,114
20221212,1,A,247
20221213,1,A,301
20221214,1,A,342
20221215,1,A,177
20221216,1,A,328
20221217,1,A,19
20221219,1,A,313
20221220,1,A,202
20221221,1,A,292
20221222,1,A,262
20221223,1,A,214
20221224,1,A,19
20221226,1,A,382
20221227,1,A,201
20221228,1,A,337
20221229,1,A,375
20221230,1,A,322
20221231,1,A,16
20230102,1,A,198
20230103,1,A,271
20230104,1,A,270
20230105,1,A,372
20230106,1,A,282
20230107,1,A,42
20230109,1,A,373
20230110,1,A,283
20230111,1,A,310
20230112,1,A,330
20230113,1,A,186
20230114,1,A,109
20230116,1,A,226
20230117,1,A,252
20230118,1,A,219
20230119,1,A,226
20230120,1,A,141
20230125,1,A,315
20230126,1,A,106
20230127,1,A,232
20230128,1,A,22
20230130,1,A,457
20230131,1,A,390
20230201,1,A,348
20230202,1,A,211
20230203,1,A,306
20230204,1,A,121
20230206,1,A,313
20230207,1,A,237
20230208,1,A,429
20230209,1,A,180
20230210,1,A,189
20230211,1,A,60
20230213,1,A,225
20230214,1,A,325
20230215,1,A,358
20230216,1,A,373
20230217,1,A,175
20230218,1,A,42
20230220,1,A,246
20230221,1,A,213
20230222,1,A,441
20230223,1,A,196
20230224,1,A,184
20230227,1,A,385
20230228,1,A,132
20230301,1,A,121
20230302,1,A,262
20230303,1,A,297
20230304,1,A,102
20230306,1,A,232
20230307,1,A,181
20230308,1,A,276
20230309,1,A,424
20230310,1,A,246
20230311,1,A,49
20230313,1,A,289
20230314,1,A,183
20230315,1,A,258
20230316,1,A,264
20230317,1,A,357
20230318,1,A,87
20230320,1,A,226
20230321,1,A,298
20230322,1,A,310
20230323,1,A,303
20230324,1,A,235
20230325,1,A,94
20230327,1,A,259
20230328,1,A,169
20230329,1,A,300
20230330,1,A,246
20230331,1,A,255
20230401,1,A,120
20230403,1,A,229
20230404,1,A,424
20230405,1,A,271
20230406,1,A,216
20230407,1,A,367
20230408,1,A,103
20230410,1,A,289
20230411,1,A,258
20230412,1,A,234
20230413,1,A,388
20230414,1,A,253
20230415,1,A,63
20230417,1,A,484
20230418,1,A,213
20230419,1,A,277
20230420,1,A,343
20230421,1,A,342
20230422,1,A,84
20230424,1,A,303
20230425,1,A,360
20230426,1,A,309
20230427,1,A,342
20230428,1,A,168
20230429,1,A,33
20230501,1,A,90
20230502,1,A,234
20230503,1,A,403
20230504,1,A,354
20230505,1,A,84
20230506,1,A,34
20230508,1,A,294
20230509,1,A,235
20230510,1,A,414
20230511,1,A,379
20230512,1,A,331
20230513,1,A,100
20230515,1,A,271
20230516,1,A,252
20230517,1,A,276
20230518,1,A,394
20230519,1,A,406
20230520,1,A,43
20230522,1,A,262
20230523,1,A,244
20230524,1,A,252
20230525,1,A,406
20230526,1,A,220
20230527,1,A,4
20230530,1,A,540
20230531,1,A,157
20230601,1,A,207
20230602,1,A,402
20230603,1,A,18
20230605,1,A,399
20230606,1,A,72
20230607,1,A,309
20230608,1,A,438
20230609,1,A,184
20230610,1,A,33
20230612,1,A,433
20230613,1,A,267
20230614,1,A,184
20230615,1,A,280
20230616,1,A,210
20230617,1,A,48
20230619,1,A,243
20230620,1,A,324
20230621,1,A,279
20230622,1,A,261
20230623,1,A,138
20230626,1,A,256
20230627,1,A,280
20230628,1,A,232
20230629,1,A,325
20230630,1,A,223
20200102,2,A,373
20200103,2,A,300
20200104,2,A,12
20200106,2,A,234
20200107,2,A,262
20200108,2,A,274
20200109,2,A,379
20200110,2,A,336
20200113,2,A,10974
20200114,2,A,328
20200115,2,A,238
20200116,2,A,270
20200117,2,A,304
20200120,2,A,5611
20200121,2,A,286
20200122,2,A,235
20200123,2,A,177
20200128,2,A,261
20200129,2,A,402
20200130,2,A,237
20200131,2,A,304
20200203,2,A,267
20200204,2,A,15373
20200205,2,A,252
20200206,2,A,268
20200207,2,A,289
20200210,2,A,486
20200211,2,A,283
20200212,2,A,282
20200213,2,A,501
20200214,2,A,249
20200217,2,A,207
20200218,2,A,6328
20200219,2,A,210
20200220,2,A,262
20200221,2,A,322
20200224,2,A,243
20200225,2,A,196
20200226,2,A,232
20200227,2,A,219
20200228,2,A,145
20200301,2,A,13
20200302,2,A,205
20200303,2,A,157
20200304,2,A,15976
20200305,2,A,268
20200309,2,A,372
20200310,2,A,184
20200311,2,A,150
20200312,2,A,297
20200313,2,A,96
20200316,2,A,8245
20200317,2,A,298
20200318,2,A,249
20200319,2,A,265
20200320,2,A,417
20200323,2,A,292
20200324,2,A,220
20200325,2,A,348
20200326,2,A,265
20200327,2,A,349
20200330,2,A,16276
20200331,2,A,219
20200401,2,A,328
20200402,2,A,405
20200403,2,A,355
20200406,2,A,9654
20200407,2,A,439
20200408,2,A,253
20200409,2,A,372
20200410,2,A,423
20200413,2,A,436
20200414,2,A,414
20200416,2,A,420
20200417,2,A,387
20200420,2,A,18585
20200421,2,A,277
20200422,2,A,366
20200423,2,A,348
20200424,2,A,453
20200427,2,A,358
20200428,2,A,325
20200429,2,A,337
20200501,2,A,6
20200506,2,A,346
20200507,2,A,15183
20200508,2,A,336
20200511,2,A,249
20200512,2,A,195
20200513,2,A,357
20200514,2,A,204
20200515,2,A,342
20200518,2,A,243
20200519,2,A,264
20200520,2,A,177
20200521,2,A,316
20200522,2,A,357
20200525,2,A,261
20200526,2,A,219
20200527,2,A,138
20200528,2,A,393
20200529,2,A,18151
20200601,2,A,303
20200602,2,A,306
20200603,2,A,225
20200604,2,A,171
20200605,2,A,333
20200608,2,A,289
20200609,2,A,298
20200610,2,A,174
20200611,2,A,255
20200612,2,A,390
20200615,2,A,7587
20200616,2,A,369
20200617,2,A,261
20200618,2,A,226
20200619,2,A,301
20200622,2,A,235
20200623,2,A,342
20200624,2,A,306
20200625,2,A,253
20200626,2,A,351
20200629,2,A,17052
20200630,2,A,445
20200701,2,A,285
20200702,2,A,265
20200703,2,A,403
20200706,2,A,451
20200707,2,A,415
20200708,2,A,354
20200709,2,A,207
20200710,2,A,309
20200713,2,A,303
20200714,2,A,17532
20200715,2,A,340
20200716,2,A,340
20200717,2,A,370
20200720,2,A,331
20200721,2,A,9258
20200722,2,A,370
20200723,2,A,361
20200724,2,A,337
20200803,2,A,336
20200804,2,A,328
20200805,2,A,357
20200806,2,A,301
20200807,2,A,315
20200810,2,A,435
20200811,2,A,408
20200812,2,A,352
20200813,2,A,288
20200814,2,A,340
20200818,2,A,34786
20200819,2,A,312
20200820,2,A,439
20200821,2,A,301
20200824,2,A,411
20200825,2,A,352
20200826,2,A,274
20200827,2,A,267
20200828,2,A,273
20200831,2,A,14653
20200901,2,A,309
20200902,2,A,232
20200903,2,A,156
20200904,2,A,295
20200907,2,A,6892
20200908,2,A,234
20200909,2,A,186
20200910,2,A,229
20200911,2,A,229
20200914,2,A,6330
20200915,2,A,205
20200916,2,A,318
20200917,2,A,366
20200918,2,A,246
20200921,2,A,343
20200922,2,A,337
20200923,2,A,270
20200924,2,A,244
20200925,2,A,339
20200928,2,A,246
20200929,2,A,313
20201005,2,A,226
20201006,2,A,319
20201007,2,A,309
20201008,2,A,385
20201012,2,A,25977
20201013,2,A,318
20201014,2,A,262
20201015,2,A,337
20201016,2,A,229
20201019,2,A,300
20201020,2,A,258
20201021,2,A,8643
20201022,2,A,265
20201023,2,A,225
20201026,2,A,246
20201027,2,A,358
20201028,2,A,246
20201029,2,A,309
20201030,2,A,400
20201102,2,A,15475
20201103,2,A,240
20201104,2,A,205
20201105,2,A,264
20201106,2,A,262
20201109,2,A,7060
20201110,2,A,202
20201111,2,A,267
20201112,2,A,333
20201113,2,A,307
20201116,2,A,6723
20201117,2,A,327
20201118,2,A,345
20201119,2,A,223
20201120,2,A,288
20201123,2,A,7066
20201124,2,A,475
20201125,2,A,294
20201126,2,A,246
20201127,2,A,306
20201130,2,A,7464
20201201,2,A,247
20201202,2,A,274
20201203,2,A,261
20201204,2,A,222
20201207,2,A,6372
20201208,2,A,247
20201209,2,A,225
20201210,2,A,232
20201211,2,A,343
20201214,2,A,7036
20201215,2,A,268
20201216,2,A,325
20201217,2,A,394
20201218,2,A,391
20201221,2,A,8427
20201222,2,A,319
20201223,2,A,340
20201224,2,A,552
20201228,2,A,8422
20201229,2,A,333
20201230,2,A,195
20201231,2,A,427
20210104,2,A,7965
20210105,2,A,304
20210106,2,A,220
20210107,2,A,357
20210108,2,A,288
20210111,2,A,8838
20210112,2,A,337
20210113,2,A,216
20210114,2,A,309
20210115,2,A,259
20210118,2,A,234
20210119,2,A,8658
20210120,2,A,313
20210121,2,A,232
20210122,2,A,315
20210125,2,A,7819
20210126,2,A,240
20210127,2,A,234
20210128,2,A,289
20210129,2,A,402
20210201,2,A,23284
20210202,2,A,322
20210203,2,A,247
20210204,2,A,292
20210205,2,A,313
20210208,2,A,289
20210209,2,A,9399
20210210,2,A,208
20210215,2,A,3847
20210216,2,A,190
20210217,2,A,265
20210218,2,A,247
20210219,2,A,397
20210222,2,A,223
20210223,2,A,288
20210224,2,A,280
20210225,2,A,250
20210226,2,A,390
20210302,2,A,337
20210303,2,A,247
20210304,2,A,325
20210305,2,A,378
20210308,2,A,7414
20210309,2,A,267
20210310,2,A,208
20210311,2,A,385
20210312,2,A,282
20210315,2,A,159
20210316,2,A,7762
20210317,2,A,237
20210318,2,A,243
20210319,2,A,268
20210322,2,A,678
20210323,2,A,6814
20210324,2,A,216
20210325,2,A,256
20210326,2,A,261
20210329,2,A,231
20210330,2,A,8335
20210331,2,A,207
20210401,2,A,5745
20210402,2,A,223
20210405,2,A,6714
20210406,2,A,343
20210407,2,A,265
20210408,2,A,165
20210409,2,A,297
20210412,2,A,271
20210413,2,A,283
20210414,2,A,210
20210415,2,A,265
20210416,2,A,312
20210419,2,A,7426
20210420,2,A,270
20210421,2,A,409
20210422,2,A,252
20210423,2,A,264
20210426,2,A,262
20210427,2,A,523
20210428,2,A,6481
20210429,2,A,348
20210430,2,A,223
20210501,2,A,21
20210503,2,A,6390
20210504,2,A,190
20210506,2,A,571
20210507,2,A,328
20210510,2,A,6244
20210511,2,A,183
20210512,2,A,576
20210513,2,A,234
20210514,2,A,274
20210517,2,A,7758
20210518,2,A,517
20210520,2,A,213
20210521,2,A,253
20210524,2,A,6099
20210525,2,A,316
20210526,2,A,250
20210527,2,A,271
20210528,2,A,577
20210531,2,A,6927
20210601,2,A,270
20210602,2,A,291
20210603,2,A,253
20210604,2,A,559
20210607,2,A,8113
20210608,2,A,171
20210609,2,A,357
20210610,2,A,235
20210611,2,A,555
20210614,2,A,273
20210615,2,A,7620
20210616,2,A,402
20210617,2,A,168
20210618,2,A,555
20210621,2,A,7200
20210622,2,A,228
20210623,2,A,148
20210624,2,A,247
20210625,2,A,567
20210628,2,A,7338
20210629,2,A,219
20210630,2,A,456
20210701,2,A,184
20210702,2,A,216
20210705,2,A,6555
20210706,2,A,124
20210707,2,A,199
20210708,2,A,270
20210709,2,A,453
20210712,2,A,199
20210713,2,A,225
20210714,2,A,207
20210715,2,A,295
20210716,2,A,226
20210719,2,A,7422
20210720,2,A,243
20210721,2,A,295
20210722,2,A,292
20210723,2,A,223
20210726,2,A,8487
20210727,2,A,376
20210728,2,A,313
20210729,2,A,250
20210730,2,A,574
20210809,2,A,214
20210810,2,A,261
20210811,2,A,310
20210812,2,A,313
20210813,2,A,397
20210817,2,A,16782
20210818,2,A,174
20210819,2,A,220
20210820,2,A,330
20210823,2,A,243
20210824,2,A,310
20210825,2,A,169
20210826,2,A,7048
20210827,2,A,553
20210830,2,A,8593
20210831,2,A,312
20210901,2,A,334
20210902,2,A,220
20210903,2,A,265
20210906,2,A,8520
20210907,2,A,270
20210908,2,A,211
20210909,2,A,259
20210910,2,A,268
20210913,2,A,8175
20210914,2,A,435
20210915,2,A,273
20210916,2,A,336
20210917,2,A,334
20210923,2,A,204
20210924,2,A,222
20210927,2,A,211
20210928,2,A,292
20210929,2,A,294
20210930,2,A,153
20211001,2,A,286
20211005,2,A,243
20211006,2,A,201
20211007,2,A,270
20211008,2,A,598
20211012,2,A,27061
20211013,2,A,303
20211014,2,A,432
20211015,2,A,241
20211018,2,A,17026
20211019,2,A,298
20211020,2,A,331
20211021,2,A,177
20211022,2,A,549
20211025,2,A,306
20211026,2,A,220
20211027,2,A,553
20211028,2,A,240
20211029,2,A,508
20211101,2,A,268
20211102,2,A,171
20211103,2,A,328
20211104,2,A,286
20211105,2,A,201
20211108,2,A,14502
20211109,2,A,589
20211110,2,A,223
20211111,2,A,211
20211112,2,A,240
20211115,2,A,7986
20211116,2,A,267
20211117,2,A,552
20211118,2,A,213
20211119,2,A,207
20211122,2,A,7927
20211123,2,A,222
20211124,2,A,258
20211125,2,A,301
20211126,2,A,220
20211129,2,A,204
20211130,2,A,268
20211201,2,A,300
20211202,2,A,430
20211203,2,A,333
20211206,2,A,16485
20211207,2,A,204
20211208,2,A,208
20211209,2,A,190
20211210,2,A,240
20211213,2,A,7921
20211214,2,A,216
20211215,2,A,205
20211216,2,A,204
20211217,2,A,235
20211220,2,A,8053
20211221,2,A,291
20211222,2,A,234
20211223,2,A,184
20211224,2,A,396
20211227,2,A,7479
20211228,2,A,295
20211229,2,A,217
20211230,2,A,213
20211231,2,A,243
20220101,2,A,61
20220103,2,A,7698
20220104,2,A,217
20220105,2,A,337
20220106,2,A,207
20220107,2,A,213
20220110,2,A,8427
20220111,2,A,177
20220112,2,A,208
20220113,2,A,247
20220114,2,A,474
20220117,2,A,6829
20220118,2,A,250
20220119,2,A,591
20220120,2,A,267
20220121,2,A,189
20220124,2,A,235
20220125,2,A,303
20220126,2,A,532
20220127,2,A,175
20220128,2,A,142
20220201,2,A,42
20220203,2,A,123
20220204,2,A,247
20220207,2,A,288
20220208,2,A,513
20220209,2,A,270
20220210,2,A,340
20220211,2,A,324
20220214,2,A,22161
20220215,2,A,507
20220216,2,A,169
20220217,2,A,205
20220218,2,A,348
20220221,2,A,259
20220222,2,A,126
20220223,2,A,588
20220224,2,A,204
20220225,2,A,244
20220302,2,A,13816
20220303,2,A,202
20220304,2,A,247
20220307,2,A,430
20220308,2,A,312
20220310,2,A,450
20220311,2,A,237
20220314,2,A,126
20220315,2,A,579
20220316,2,A,8259
20220317,2,A,171
20220318,2,A,207
20220321,2,A,153
20220322,2,A,6627
20220323,2,A,253
20220324,2,A,303
20220325,2,A,538
20220328,2,A,517
20220329,2,A,301
20220330,2,A,6879
20220331,2,A,187
20220401,2,A,201
20220404,2,A,6556
20220405,2,A,253
20220406,2,A,492
20220407,2,A,138
20220408,2,A,208
20220411,2,A,6990
20220412,2,A,474
20220413,2,A,148
20220414,2,A,217
20220415,2,A,502
20220418,2,A,6979
20220419,2,A,721
20220420,2,A,171
20220421,2,A,202
20220422,2,A,456
20220425,2,A,6153
20220426,2,A,144
20220427,2,A,505
20220428,2,A,139
20220429,2,A,234
20220502,2,A,459
20220503,2,A,192
20220504,2,A,583
20220509,2,A,9472
20220510,2,A,178
20220511,2,A,453
20220512,2,A,201
20220513,2,A,490
20220516,2,A,5236
20220517,2,A,444
20220518,2,A,150
20220519,2,A,421
20220520,2,A,67
20220523,2,A,3930
20220524,2,A,126
20220525,2,A,510
20220526,2,A,105
20220527,2,A,147
20220530,2,A,3696
20220531,2,A,121
20220602,2,A,202
20220603,2,A,151
20220607,2,A,3583
20220608,2,A,258
20220609,2,A,108
20220610,2,A,460
20220614,2,A,4495
20220615,2,A,139
20220616,2,A,465
20220617,2,A,198
20220621,2,A,3616
20220622,2,A,744
20220623,2,A,148
20220624,2,A,208
20220627,2,A,292
20220628,2,A,205
20220629,2,A,103
20220630,2,A,430
20220701,2,A,375
20220704,2,A,7713
20220705,2,A,688
20220706,2,A,102
20220707,2,A,85
20220708,2,A,196
20220711,2,A,136
20220712,2,A,499
20220713,2,A,189
20220714,2,A,178
20220715,2,A,15
20220718,2,A,151
20220719,2,A,8904
20220720,2,A,522
20220721,2,A,460
20220725,2,A,559
20220726,2,A,229
20220727,2,A,199
20220728,2,A,345
20220808,2,A,196
20220809,2,A,9894
20220810,2,A,169
20220811,2,A,417
20220812,2,A,792
20220816,2,A,6310
20220817,2,A,438
20220818,2,A,187
20220819,2,A,234
20220822,2,A,7
20220823,2,A,5319
20220824,2,A,252
20220825,2,A,694
20220826,2,A,619
20220829,2,A,205
20220830,2,A,5275
20220831,2,A,166
20220901,2,A,225
20220902,2,A,214
20220906,2,A,5749
20220907,2,A,223
20220908,2,A,481
20220913,2,A,3667
20220914,2,A,520
20220915,2,A,442
20220916,2,A,411
20220919,2,A,5025
20220920,2,A,288
20220921,2,A,403
20220922,2,A,177
20220923,2,A,180
20220926,2,A,4744
20220927,2,A,478
20220928,2,A,162
20220929,2,A,447
20220930,2,A,114
20221004,2,A,4326
20221005,2,A,741
20221006,2,A,258
20221007,2,A,414
20221011,2,A,4044
20221012,2,A,493
20221013,2,A,111
20221014,2,A,717
20221017,2,A,168
20221018,2,A,532
20221019,2,A,216
20221020,2,A,631
20221024,2,A,436
20221025,2,A,169
20221026,2,A,9898
20221027,2,A,159
20221028,2,A,4
20221031,2,A,99
20221101,2,A,930
20221102,2,A,831
20221103,2,A,219
20221104,2,A,258
20221107,2,A,19059
20221108,2,A,870
20221109,2,A,153
20221110,2,A,306
20221111,2,A,819
20221114,2,A,10113
20221115,2,A,273
20221116,2,A,186
20221117,2,A,258
20221121,2,A,243
20221122,2,A,270
20221123,2,A,1014
20221124,2,A,951
20221125,2,A,576
20221128,2,A,14952
20221129,2,A,228
20221130,2,A,345
20221201,2,A,145
20221202,2,A,16
20221205,2,A,18
20221206,2,A,4696
20221207,2,A,460
20221208,2,A,138
20221209,2,A,492
20221212,2,A,3948
20221213,2,A,376
20221214,2,A,73
20221215,2,A,129
20221216,2,A,115
20221219,2,A,4944
20221220,2,A,184
20221221,2,A,205
20221222,2,A,237
20221223,2,A,117
20221226,2,A,4776
20221227,2,A,169
20221228,2,A,144
20221229,2,A,123
20221230,2,A,93
20230102,2,A,4257
20230103,2,A,151
20230104,2,A,70
20230105,2,A,87
20230106,2,A,150
20230109,2,A,67
20230110,2,A,157
20230111,2,A,471
20230112,2,A,219
20230113,2,A,222
20230116,2,A,133
20230117,2,A,126
20230118,2,A,180
20230119,2,A,81
20230125,2,A,60
20230126,2,A,11932
20230127,2,A,156
20230130,2,A,171
20230131,2,A,112
20230201,2,A,171
20230202,2,A,232
20230203,2,A,189
20230206,2,A,6492
20230207,2,A,184
20230208,2,A,72
20230209,2,A,85
20230210,2,A,166
20230213,2,A,4243
20230214,2,A,255
20230215,2,A,127
20230216,2,A,160
20230217,2,A,42
20230220,2,A,3568
20230221,2,A,273
20230222,2,A,121
20230223,2,A,145
20230224,2,A,103
20230227,2,A,229
20230228,2,A,138
20230302,2,A,141
20230303,2,A,148
20230306,2,A,8913
20230307,2,A,121
20230308,2,A,163
20230309,2,A,181
20230310,2,A,210
20230313,2,A,5014
20230314,2,A,118
20230315,2,A,252
20230316,2,A,49
20230317,2,A,103
20230320,2,A,4672
20230321,2,A,123
20230322,2,A,190
20230323,2,A,139
20230324,2,A,160
20230327,2,A,9354
20230328,2,A,234
20230329,2,A,265
20230330,2,A,118
20230331,2,A,189
20230403,2,A,4669
20230404,2,A,159
20230405,2,A,108
20230406,2,A,129
20230407,2,A,145
20230410,2,A,96
20230411,2,A,169
20230412,2,A,114
20230413,2,A,117
20230414,2,A,343
20230417,2,A,5046
20230418,2,A,145
20230419,2,A,70
20230420,2,A,145
20230421,2,A,105
20230424,2,A,4152
20230425,2,A,51
20230426,2,A,127
20230427,2,A,97
20230428,2,A,183
20230502,2,A,121
20230503,2,A,93
20230504,2,A,259
20230508,2,A,7347
20230509,2,A,169
20230510,2,A,111
20230511,2,A,213
20230512,2,A,169
20230515,2,A,70
20230516,2,A,147
20230517,2,A,93
20230518,2,A,81
20230519,2,A,193
20230522,2,A,9982
20230523,2,A,75
20230524,2,A,240
20230525,2,A,181
20230526,2,A,148
20230530,2,A,172
20230531,2,A,166
20230601,2,A,991
20230602,2,A,219
20230607,2,A,52
20230608,2,A,126
20230609,2,A,229
20230612,2,A,348
20230613,2,A,175
20230614,2,A,117
20230615,2,A,186
20230616,2,A,11755
20230619,2,A,5454
20230620,2,A,178
20230621,2,A,216
20230622,2,A,45
20230623,2,A,214
20230626,2,A,5386
20230627,2,A,133
20230628,2,A,234
20230629,2,A,91
20230630,2,A,97
20200101,3,A,297
20200102,3,A,544
20200103,3,A,417
20200104,3,A,327
20200105,3,A,202
20200106,3,A,330
20200107,3,A,463
20200108,3,A,571
20200109,3,A,453
20200110,3,A,894
20200111,3,A,288
20200112,3,A,256
20200113,3,A,417
20200114,3,A,411
20200115,3,A,847
20200116,3,A,1048
20200117,3,A,781
20200118,3,A,538
20200119,3,A,304
20200120,3,A,1159
20200121,3,A,949
20200122,3,A,760
20200123,3,A,562
20200124,3,A,283
20200125,3,A,25
20200127,3,A,220
20200128,3,A,475
20200129,3,A,1018
20200130,3,A,726
20200131,3,A,1116
20200201,3,A,376
20200202,3,A,153
20200203,3,A,315
20200204,3,A,567
20200205,3,A,1011
20200206,3,A,553
20200207,3,A,660
20200208,3,A,456
20200209,3,A,247
20200210,3,A,481
20200211,3,A,625
20200212,3,A,829
20200213,3,A,798
20200214,3,A,684
20200215,3,A,465
20200216,3,A,396
20200217,3,A,484
20200218,3,A,660
20200219,3,A,586
20200220,3,A,831
20200221,3,A,282
20200222,3,A,153
20200223,3,A,18
20200224,3,A,544
20200225,3,A,471
20200226,3,A,663
20200227,3,A,322
20200228,3,A,483
20200229,3,A,190
20200301,3,A,3364
20200302,3,A,618
20200303,3,A,562
20200304,3,A,625
20200305,3,A,774
20200306,3,A,627
20200307,3,A,495
20200308,3,A,411
20200309,3,A,588
20200310,3,A,583
20200311,3,A,799
20200312,3,A,799
20200313,3,A,490
20200314,3,A,487
20200315,3,A,316
20200316,3,A,537
20200317,3,A,531
20200318,3,A,822
20200319,3,A,483
20200320,3,A,1663
20200321,3,A,529
20200322,3,A,276
20200323,3,A,426
20200324,3,A,546
20200325,3,A,792
20200326,3,A,675
20200327,3,A,661
20200328,3,A,718
20200329,3,A,600
20200330,3,A,228
20200331,3,A,780
20200401,3,A,801
20200402,3,A,762
20200403,3,A,609
20200404,3,A,520
20200405,3,A,393
20200406,3,A,439
20200407,3,A,693
20200408,3,A,561
20200409,3,A,513
20200410,3,A,483
20200411,3,A,451
20200412,3,A,267
20200413,3,A,531
20200414,3,A,619
20200415,3,A,519
20200416,3,A,903
20200417,3,A,732
20200418,3,A,490
20200419,3,A,403
20200420,3,A,793
20200421,3,A,910
20200422,3,A,1239
20200423,3,A,768
20200424,3,A,723
20200425,3,A,736
20200426,3,A,370
20200427,3,A,582
20200428,3,A,847
20200429,3,A,876
20200430,3,A,657
20200501,3,A,1897
20200502,3,A,670
20200503,3,A,478
20200504,3,A,565
20200505,3,A,502
20200506,3,A,642
20200507,3,A,796
20200508,3,A,738
20200509,3,A,577
20200510,3,A,469
20200511,3,A,9844
20200512,3,A,298
20200513,3,A,352
20200514,3,A,336
20200515,3,A,472
20200516,3,A,259
20200517,3,A,145
20200518,3,A,268
20200519,3,A,264
20200520,3,A,597
20200521,3,A,486
20200522,3,A,325
20200523,3,A,244
20200524,3,A,162
20200525,3,A,162
20200526,3,A,264
20200527,3,A,426
20200528,3,A,777
20200529,3,A,1068
20200530,3,A,340
20200531,3,A,211
20200601,3,A,105
20200602,3,A,303
20200603,3,A,342
20200604,3,A,375
20200605,3,A,334
20200606,3,A,187
20200607,3,A,118
20200608,3,A,186
20200609,3,A,268
20200610,3,A,601
20200611,3,A,309
20200612,3,A,453
20200613,3,A,285
20200614,3,A,145
20200615,3,A,267
20200616,3,A,478
20200617,3,A,333
20200618,3,A,661
20200619,3,A,243
20200620,3,A,228
20200621,3,A,198
20200622,3,A,685
20200623,3,A,271
20200624,3,A,697
20200625,3,A,312
20200626,3,A,504
20200627,3,A,540
20200628,3,A,243
20200629,3,A,396
20200630,3,A,747
20200701,3,A,372
20200702,3,A,358
20200703,3,A,370
20200704,3,A,286
20200705,3,A,235
20200706,3,A,153
20200707,3,A,289
20200708,3,A,345
20200709,3,A,403
20200710,3,A,300
20200711,3,A,316
20200712,3,A,144
20200713,3,A,216
20200714,3,A,724
20200715,3,A,405
20200716,3,A,829
20200717,3,A,340
20200718,3,A,234
20200719,3,A,136
20200720,3,A,805
20200721,3,A,372
20200722,3,A,399
20200723,3,A,601
20200724,3,A,535
20200725,3,A,321
20200726,3,A,132
20200727,3,A,396
20200728,3,A,396
20200729,3,A,396
20200730,3,A,780
20200731,3,A,730
20200801,3,A,339
20200802,3,A,213
20200803,3,A,232
20200804,3,A,241
20200805,3,A,444
20200806,3,A,412
20200807,3,A,370
20200808,3,A,250
20200809,3,A,124
20200810,3,A,262
20200811,3,A,246
20200812,3,A,463
20200813,3,A,909
20200814,3,A,310
20200815,3,A,402
20200816,3,A,118
20200817,3,A,861
20200818,3,A,541
20200819,3,A,537
20200820,3,A,945
20200821,3,A,874
20200822,3,A,481
20200823,3,A,22
20200824,3,A,603
20200825,3,A,855
20200826,3,A,672
20200827,3,A,1066
20200828,3,A,621
20200829,3,A,271
20200830,3,A,66
20200831,3,A,621
20200901,3,A,559
20200902,3,A,403
20200903,3,A,673
20200904,3,A,570
20200905,3,A,231
20200906,3,A,21
20200907,3,A,594
20200908,3,A,552
20200909,3,A,739
20200910,3,A,840
20200911,3,A,408
20200912,3,A,312
20200913,3,A,63
20200914,3,A,555
20200915,3,A,577
20200916,3,A,649
20200917,3,A,447
20200918,3,A,597
20200919,3,A,208
20200920,3,A,796
20200921,3,A,990
20200922,3,A,763
20200923,3,A,540
20200924,3,A,1000
20200925,3,A,1105
20200926,3,A,814
20200927,3,A,51
20200928,3,A,669
20200929,3,A,847
20200930,3,A,121
20201001,3,A,91
20201003,3,A,142
20201004,3,A,27
20201005,3,A,412
20201006,3,A,399
20201007,3,A,1204
20201008,3,A,940
20201009,3,A,351
20201010,3,A,133
20201011,3,A,22
20201012,3,A,423
20201013,3,A,735
20201014,3,A,694
20201015,3,A,1164
20201016,3,A,979
20201017,3,A,342
20201018,3,A,72
20201019,3,A,546
20201020,3,A,891
20201021,3,A,1131
20201022,3,A,792
20201023,3,A,1108
20201024,3,A,339
20201025,3,A,42
20201026,3,A,552
20201027,3,A,1015
20201028,3,A,682
20201029,3,A,516
20201030,3,A,540
20201031,3,A,1155
20201101,3,A,28
20201102,3,A,420
20201103,3,A,616
20201104,3,A,417
20201105,3,A,501
20201106,3,A,588
20201107,3,A,262
20201108,3,A,51
20201109,3,A,897
20201110,3,A,357
20201111,3,A,484
20201112,3,A,471
20201113,3,A,516
20201114,3,A,229
20201115,3,A,39
20201116,3,A,406
20201117,3,A,421
20201118,3,A,463
20201119,3,A,454
20201120,3,A,637
20201121,3,A,187
20201122,3,A,21
20201123,3,A,606
20201124,3,A,490
20201125,3,A,1104
20201126,3,A,859
20201127,3,A,517
20201128,3,A,684
20201129,3,A,94
20201130,3,A,459
20201201,3,A,370
20201202,3,A,369
20201203,3,A,403
20201204,3,A,802
20201205,3,A,117
20201206,3,A,21
20201207,3,A,660
20201208,3,A,520
20201209,3,A,625
20201210,3,A,624
20201211,3,A,408
20201212,3,A,204
20201213,3,A,21
20201214,3,A,996
20201215,3,A,339
20201216,3,A,546
20201217,3,A,796
20201218,3,A,702
20201219,3,A,405
20201220,3,A,45
20201221,3,A,472
20201222,3,A,555
20201223,3,A,640
20201224,3,A,579
20201225,3,A,349
20201226,3,A,357
20201227,3,A,36
20201228,3,A,801
20201229,3,A,556
20201230,3,A,720
20201231,3,A,532
20210101,3,A,256
20210102,3,A,147
20210103,3,A,63
20210104,3,A,418
20210105,3,A,408
20210106,3,A,544
20210107,3,A,339
20210108,3,A,516
20210109,3,A,166
20210110,3,A,27
20210111,3,A,651
20210112,3,A,517
20210113,3,A,762
20210114,3,A,624
20210115,3,A,1164
20210116,3,A,399
20210117,3,A,25
20210118,3,A,1125
20210119,3,A,832
20210120,3,A,1425
20210121,3,A,1123
20210122,3,A,1470
20210123,3,A,523
20210124,3,A,46
20210125,3,A,892
20210126,3,A,903
20210127,3,A,954
20210128,3,A,526
20210129,3,A,1101
20210130,3,A,622
20210131,3,A,90
20210201,3,A,1608
20210202,3,A,544
20210203,3,A,801
20210204,3,A,604
20210205,3,A,598
20210206,3,A,297
20210207,3,A,40
20210208,3,A,258
20210209,3,A,480
20210210,3,A,517
20210211,3,A,154
20210213,3,A,105
20210214,3,A,6
20210215,3,A,879
20210216,3,A,874
20210217,3,A,636
20210218,3,A,771
20210219,3,A,865
20210220,3,A,417
20210221,3,A,24
20210222,3,A,724
20210223,3,A,846
20210224,3,A,1035
20210225,3,A,739
20210226,3,A,724
20210227,3,A,634
20210228,3,A,21
20210301,3,A,166
20210302,3,A,1395
20210303,3,A,625
20210304,3,A,429
20210305,3,A,573
20210306,3,A,250
20210307,3,A,24
20210308,3,A,418
20210309,3,A,397
20210310,3,A,574
20210311,3,A,552
20210312,3,A,430
20210313,3,A,283
20210314,3,A,109
20210315,3,A,447
20210316,3,A,487
20210317,3,A,456
20210318,3,A,477
20210319,3,A,591
20210320,3,A,235
20210321,3,A,81
20210322,3,A,481
20210323,3,A,481
20210324,3,A,483
20210325,3,A,456
20210326,3,A,463
20210327,3,A,480
20210328,3,A,22
20210329,3,A,232
20210330,3,A,987
20210331,3,A,531
20210401,3,A,505
20210402,3,A,319
20210403,3,A,316
20210404,3,A,24
20210405,3,A,372
20210406,3,A,688
20210407,3,A,448
20210408,3,A,541
20210409,3,A,453
20210410,3,A,375
20210411,3,A,22
20210412,3,A,315
20210413,3,A,628
20210414,3,A,687
20210415,3,A,558
20210416,3,A,621
20210417,3,A,237
20210418,3,A,87
20210419,3,A,799
20210420,3,A,936
20210421,3,A,783
20210422,3,A,361
20210423,3,A,567
20210424,3,A,57
20210426,3,A,426
20210427,3,A,487
20210428,3,A,586
20210429,3,A,424
20210430,3,A,210
20210501,3,A,2755
20210502,3,A,99
20210503,3,A,520
20210504,3,A,699
20210505,3,A,409
20210506,3,A,457
20210507,3,A,928
20210508,3,A,195
20210509,3,A,24
20210510,3,A,700
20210511,3,A,475
20210512,3,A,417
20210513,3,A,471
20210514,3,A,558
20210515,3,A,636
20210516,3,A,27
20210517,3,A,387
20210518,3,A,997
20210519,3,A,322
20210520,3,A,450
20210521,3,A,435
20210522,3,A,288
20210523,3,A,58
20210524,3,A,298
20210525,3,A,550
20210526,3,A,465
20210527,3,A,505
20210528,3,A,606
20210529,3,A,445
20210530,3,A,46
20210531,3,A,424
20210601,3,A,505
20210602,3,A,517
20210603,3,A,517
20210604,3,A,448
20210605,3,A,219
20210606,3,A,82
20210607,3,A,345
20210608,3,A,1056
20210609,3,A,465
20210610,3,A,448
20210611,3,A,828
20210612,3,A,205
20210613,3,A,28
20210614,3,A,303
20210615,3,A,826
20210616,3,A,588
20210617,3,A,402
20210618,3,A,978
20210619,3,A,268
20210620,3,A,25
20210621,3,A,1057
20210622,3,A,532
20210623,3,A,675
20210624,3,A,738
20210625,3,A,504
20210626,3,A,865
20210627,3,A,45
20210628,3,A,805
20210629,3,A,778
20210630,3,A,700
20210701,3,A,535
20210702,3,A,520
20210703,3,A,250
20210704,3,A,70
20210705,3,A,340
20210706,3,A,898
20210707,3,A,484
20210708,3,A,750
20210709,3,A,543
20210710,3,A,268
20210711,3,A,88
20210712,3,A,289
20210713,3,A,514
20210714,3,A,385
20210715,3,A,732
20210716,3,A,399
20210717,3,A,423
20210719,3,A,729
20210720,3,A,516
20210721,3,A,483
20210722,3,A,534
20210723,3,A,384
20210724,3,A,316
20210725,3,A,21
20210726,3,A,420
20210727,3,A,742
20210728,3,A,622
20210729,3,A,517
20210730,3,A,648
20210731,3,A,202
20210801,3,A,48
20210802,3,A,453
20210803,3,A,790
20210804,3,A,438
20210805,3,A,469
20210806,3,A,403
20210807,3,A,309
20210808,3,A,51
20210809,3,A,433
20210810,3,A,499
20210811,3,A,472
20210812,3,A,816
20210813,3,A,651
20210814,3,A,378
20210815,3,A,34
20210816,3,A,661
20210817,3,A,456
20210818,3,A,628
20210819,3,A,1099
20210820,3,A,613
20210821,3,A,297
20210822,3,A,70
20210823,3,A,487
20210824,3,A,673
20210825,3,A,621
20210826,3,A,612
20210827,3,A,543
20210828,3,A,301
20210830,3,A,462
20210831,3,A,643
20210901,3,A,1111
20210902,3,A,601
20210903,3,A,660
20210904,3,A,316
20210905,3,A,57
20210906,3,A,483
20210907,3,A,907
20210908,3,A,756
20210909,3,A,538
20210910,3,A,997
20210911,3,A,325
20210912,3,A,61
20210913,3,A,688
20210914,3,A,1063
20210915,3,A,796
20210916,3,A,574
20210917,3,A,507
20210918,3,A,301
20210919,3,A,46
20210922,3,A,199
20210923,3,A,603
20210924,3,A,640
20210925,3,A,372
20210926,3,A,49
20210927,3,A,675
20210928,3,A,477
20210929,3,A,559
20210930,3,A,451
20211001,3,A,525
20211002,3,A,1548
20211003,3,A,33
20211004,3,A,402
20211005,3,A,966
20211006,3,A,645
20211007,3,A,679
20211008,3,A,460
20211009,3,A,394
20211010,3,A,24
20211011,3,A,261
20211012,3,A,888
20211013,3,A,525
20211014,3,A,1191
20211015,3,A,780
20211016,3,A,270
20211017,3,A,54
20211018,3,A,895
20211019,3,A,720
20211020,3,A,600
20211021,3,A,718
20211022,3,A,694
20211023,3,A,309
20211024,3,A,22
20211025,3,A,885
20211026,3,A,654
20211027,3,A,634
20211028,3,A,826
20211029,3,A,1084
20211030,3,A,411
20211031,3,A,40
20211101,3,A,583
20211102,3,A,1125
20211103,3,A,609
20211104,3,A,738
20211105,3,A,541
20211106,3,A,1128
20211107,3,A,30
20211108,3,A,483
20211109,3,A,597
20211110,3,A,882
20211111,3,A,1129
20211112,3,A,592
20211113,3,A,459
20211114,3,A,22
20211115,3,A,456
20211116,3,A,517
20211117,3,A,430
20211118,3,A,460
20211119,3,A,520
20211120,3,A,211
20211121,3,A,22
20211122,3,A,354
20211123,3,A,474
20211124,3,A,567
20211125,3,A,768
20211126,3,A,636
20211127,3,A,262
20211128,3,A,22
20211129,3,A,487
20211130,3,A,859
20211201,3,A,504
20211202,3,A,859
20211203,3,A,484
20211204,3,A,268
20211205,3,A,48
20211206,3,A,367
20211207,3,A,336
20211208,3,A,361
20211209,3,A,736
20211210,3,A,394
20211211,3,A,223
20211212,3,A,22
20211213,3,A,699
20211214,3,A,624
20211215,3,A,589
20211216,3,A,561
20211217,3,A,519
20211218,3,A,331
20211219,3,A,24
20211220,3,A,520
20211221,3,A,538
20211222,3,A,598
20211223,3,A,546
20211224,3,A,541
20211225,3,A,442
20211226,3,A,28
20211227,3,A,526
20211228,3,A,394
20211229,3,A,628
20211230,3,A,402
20211231,3,A,559
20220101,3,A,510
20220102,3,A,54
20220103,3,A,502
20220104,3,A,792
20220105,3,A,541
20220106,3,A,523
20220107,3,A,577
20220108,3,A,478
20220109,3,A,28
20220110,3,A,565
20220111,3,A,508
20220112,3,A,607
20220113,3,A,648
20220114,3,A,778
20220115,3,A,493
20220116,3,A,114
20220117,3,A,648
20220118,3,A,1006
20220119,3,A,1230
20220120,3,A,1447
20220121,3,A,1288
20220122,3,A,643
20220123,3,A,49
20220124,3,A,631
20220125,3,A,763
20220126,3,A,840
20220127,3,A,1038
20220128,3,A,1048
20220129,3,A,759
20220130,3,A,58
20220201,3,A,84
20220202,3,A,160
20220203,3,A,1158
20220204,3,A,844
20220205,3,A,577
20220206,3,A,37
20220207,3,A,655
20220208,3,A,834
20220209,3,A,763
20220210,3,A,649
20220211,3,A,735
20220212,3,A,354
20220213,3,A,103
20220214,3,A,552
20220215,3,A,727
20220216,3,A,648
20220217,3,A,805
20220218,3,A,807
20220219,3,A,307
20220220,3,A,43
20220221,3,A,460
20220222,3,A,429
20220223,3,A,490
20220224,3,A,532
20220225,3,A,817
20220226,3,A,469
20220228,3,A,736
20220301,3,A,442
20220302,3,A,616
20220303,3,A,853
20220304,3,A,814
20220305,3,A,774
20220307,3,A,618
20220308,3,A,766
20220309,3,A,313
20220310,3,A,579
20220311,3,A,555
20220312,3,A,388
20220314,3,A,684
20220315,3,A,868
20220316,3,A,657
20220317,3,A,528
20220318,3,A,949
20220319,3,A,238
20220321,3,A,351
20220322,3,A,316
20220323,3,A,364
20220324,3,A,397
20220325,3,A,480
20220326,3,A,159
20220328,3,A,277
20220329,3,A,633
20220330,3,A,489
20220331,3,A,336
20220401,3,A,3540
20220402,3,A,1132
20220403,3,A,18
20220404,3,A,547
20220405,3,A,663
20220406,3,A,636
20220407,3,A,790
20220408,3,A,481
20220409,3,A,256
20220411,3,A,646
20220412,3,A,840
20220413,3,A,637
20220414,3,A,715
20220415,3,A,1099
20220416,3,A,367
20220418,3,A,636
20220419,3,A,516
20220420,3,A,808
20220421,3,A,621
20220422,3,A,370
20220423,3,A,136
20220425,3,A,676
20220426,3,A,318
20220427,3,A,399
20220428,3,A,312
20220429,3,A,316
20220430,3,A,474
20220501,3,A,2367
20220502,3,A,496
20220503,3,A,682
20220504,3,A,751
20220505,3,A,516
20220506,3,A,655
20220507,3,A,219
20220509,3,A,465
20220510,3,A,595
20220511,3,A,547
20220512,3,A,709
20220513,3,A,459
20220514,3,A,193
20220516,3,A,678
20220517,3,A,549
20220518,3,A,478
20220519,3,A,625
20220520,3,A,571
20220521,3,A,247
20220523,3,A,597
20220524,3,A,783
20220525,3,A,796
20220526,3,A,682
20220527,3,A,730
20220528,3,A,537
20220530,3,A,675
20220531,3,A,934
20220601,3,A,691
20220602,3,A,495
20220603,3,A,454
20220604,3,A,265
20220606,3,A,435
20220607,3,A,562
20220608,3,A,702
20220609,3,A,744
20220610,3,A,711
20220611,3,A,162
20220613,3,A,612
20220614,3,A,601
20220615,3,A,666
20220616,3,A,639
20220617,3,A,541
20220618,3,A,250
20220620,3,A,675
20220621,3,A,700
20220622,3,A,787
20220623,3,A,760
20220624,3,A,795
20220625,3,A,1399
20220627,3,A,642
20220628,3,A,1009
20220629,3,A,927
20220630,3,A,574
20220701,3,A,633
20220702,3,A,300
20220704,3,A,421
20220705,3,A,591
20220706,3,A,573
20220707,3,A,493
20220708,3,A,525
20220709,3,A,237
20220711,3,A,607
20220712,3,A,403
20220713,3,A,591
20220714,3,A,664
20220715,3,A,604
20220716,3,A,324
20220718,3,A,678
20220719,3,A,591
20220720,3,A,895
20220721,3,A,694
20220722,3,A,696
20220723,3,A,492
20220725,3,A,940
20220726,3,A,507
20220727,3,A,643
20220728,3,A,670
20220729,3,A,1083
20220730,3,A,427
20220801,3,A,474
20220802,3,A,870
20220803,3,A,420
20220804,3,A,561
20220805,3,A,499
20220806,3,A,282
20220808,3,A,753
20220809,3,A,484
20220810,3,A,418
20220811,3,A,402
20220812,3,A,505
20220813,3,A,198
20220815,3,A,522
20220816,3,A,591
20220817,3,A,714
20220818,3,A,477
20220819,3,A,499
20220820,3,A,462
20220821,3,A,265
20220822,3,A,619
20220823,3,A,609
20220824,3,A,879
20220825,3,A,741
20220826,3,A,466
20220827,3,A,333
20220829,3,A,739
20220830,3,A,657
20220831,3,A,634
20220901,3,A,1009
20220902,3,A,646
20220903,3,A,439
20220905,3,A,738
20220906,3,A,906
20220907,3,A,873
20220908,3,A,585
20220909,3,A,13
20220912,3,A,301
20220913,3,A,672
20220914,3,A,960
20220915,3,A,1507
20220916,3,A,403
20220917,3,A,370
20220918,3,A,30
20220919,3,A,730
20220920,3,A,519
20220921,3,A,805
20220922,3,A,1456
20220923,3,A,733
20220924,3,A,373
20220925,3,A,15
20220926,3,A,1024
20220927,3,A,585
20220928,3,A,807
20220929,3,A,715
20220930,3,A,1192
20221001,3,A,639
20221003,3,A,364
20221004,3,A,511
20221005,3,A,600
20221006,3,A,742
20221007,3,A,910
20221008,3,A,532
20221010,3,A,456
20221011,3,A,520
20221012,3,A,814
20221013,3,A,954
20221014,3,A,871
20221015,3,A,445
20221016,3,A,21
20221017,3,A,768
20221018,3,A,801
20221019,3,A,876
20221020,3,A,1258
20221021,3,A,1093
20221022,3,A,366
20221024,3,A,951
20221025,3,A,913
20221026,3,A,916
20221027,3,A,879
20221028,3,A,1251
20221029,3,A,745
20221031,3,A,891
20221101,3,A,1920
20221102,3,A,1668
20221103,3,A,1722
20221104,3,A,1653
20221105,3,A,732
20221107,3,A,1434
20221108,3,A,1509
20221109,3,A,1173
20221110,3,A,1344
20221111,3,A,1260
20221112,3,A,534
20221114,3,A,1881
20221115,3,A,957
20221116,3,A,1617
20221117,3,A,1158
20221118,3,A,1245
20221119,3,A,534
20221121,3,A,1075
20221122,3,A,615
20221123,3,A,1482
20221124,3,A,906
20221125,3,A,1186
20221126,3,A,400
20221127,3,A,108
20221128,3,A,1384
20221129,3,A,1341
20221130,3,A,1671
20221201,3,A,505
20221202,3,A,378
20221203,3,A,285
20221205,3,A,378
20221206,3,A,402
20221207,3,A,412
20221208,3,A,487
20221209,3,A,919
20221210,3,A,286
20221212,3,A,469
20221213,3,A,558
20221214,3,A,670
20221215,3,A,552
20221216,3,A,649
20221217,3,A,234
20221219,3,A,562
20221220,3,A,649
20221221,3,A,526
20221222,3,A,643
20221223,3,A,865
20221224,3,A,193
20221226,3,A,1003
20221227,3,A,730
20221228,3,A,948
20221229,3,A,673
20221230,3,A,820
20221231,3,A,715
20230101,3,A,324
20230102,3,A,1059
20230103,3,A,652
20230104,3,A,1464
20230105,3,A,1020
20230106,3,A,421
20230107,3,A,478
20230109,3,A,607
20230110,3,A,1524
20230111,3,A,999
20230112,3,A,1369
20230113,3,A,885
20230114,3,A,294
20230116,3,A,774
20230117,3,A,1227
20230118,3,A,786
20230119,3,A,727
20230120,3,A,649
20230121,3,A,3
20230123,3,A,13
20230124,3,A,298
20230125,3,A,724
20230126,3,A,925
20230127,3,A,1389
20230128,3,A,652
20230130,3,A,1029
20230131,3,A,1182
20230201,3,A,1231
20230202,3,A,586
20230203,3,A,678
20230204,3,A,768
20230205,3,A,6
20230206,3,A,753
20230207,3,A,819
20230208,3,A,1141
20230209,3,A,786
20230210,3,A,693
20230211,3,A,274
20230213,3,A,658
20230214,3,A,1011
20230215,3,A,612
20230216,3,A,538
20230217,3,A,912
20230218,3,A,561
20230220,3,A,729
20230221,3,A,783
20230222,3,A,753
20230223,3,A,798
20230224,3,A,1005
20230225,3,A,873
20230227,3,A,912
20230228,3,A,813
20230301,3,A,519
20230302,3,A,625
20230303,3,A,457
20230304,3,A,294
20230306,3,A,477
20230307,3,A,655
20230308,3,A,450
20230309,3,A,546
20230310,3,A,495
20230311,3,A,421
20230313,3,A,490
20230314,3,A,508
20230315,3,A,579
20230316,3,A,621
20230317,3,A,598
20230318,3,A,204
20230320,3,A,742
20230321,3,A,568
20230322,3,A,579
20230323,3,A,444
20230324,3,A,643
20230325,3,A,289
20230327,3,A,561
20230328,3,A,502
20230329,3,A,709
20230330,3,A,489
20230331,3,A,822
20230401,3,A,348
20230402,3,A,9
20230403,3,A,394
20230404,3,A,453
20230405,3,A,601
20230406,3,A,547
20230407,3,A,448
20230408,3,A,148
20230410,3,A,520
20230411,3,A,514
20230412,3,A,525
20230413,3,A,505
20230414,3,A,472
20230415,3,A,189
20230417,3,A,591
20230418,3,A,535
20230419,3,A,585
20230420,3,A,705
20230421,3,A,628
20230422,3,A,240
20230424,3,A,741
20230425,3,A,754
20230426,3,A,1036
20230427,3,A,1084
20230428,3,A,1021
20230429,3,A,865
20230501,3,A,720
20230502,3,A,382
20230503,3,A,973
20230504,3,A,715
20230505,3,A,283
20230506,3,A,204
20230508,3,A,441
20230509,3,A,540
20230510,3,A,475
20230511,3,A,853
20230512,3,A,639
20230513,3,A,177
20230514,3,A,4
20230515,3,A,489
20230516,3,A,1135
20230517,3,A,607
20230518,3,A,570
20230519,3,A,877
20230520,3,A,351
20230522,3,A,510
20230523,3,A,522
20230524,3,A,685
20230525,3,A,544
20230526,3,A,843
20230527,3,A,846
20230528,3,A,12
20230529,3,A,643
20230530,3,A,765
20230531,3,A,883
20230601,3,A,660
20230602,3,A,520
20230603,3,A,637
20230605,3,A,477
20230606,3,A,324
20230607,3,A,906
20230608,3,A,601
20230609,3,A,504
20230610,3,A,204
20230612,3,A,1032
20230613,3,A,624
20230614,3,A,415
20230615,3,A,636
20230616,3,A,702
20230617,3,A,522
20230619,3,A,561
20230620,3,A,777
20230621,3,A,666
20230622,3,A,688
20230623,3,A,583
20230624,3,A,442
20230625,3,A,3
20230626,3,A,873
20230627,3,A,919
20230628,3,A,822
20230629,3,A,706
20230630,3,A,792
20200101,4,A,1981
20200102,4,A,1869
20200103,4,A,3619
20200104,4,A,1059
20200106,4,A,2938
20200107,4,A,2824
20200108,4,A,2425
20200109,4,A,3088
20200110,4,A,2725
20200111,4,A,1302
20200113,4,A,2689
20200114,4,A,3051
20200115,4,A,2899
20200116,4,A,2496
20200117,4,A,2673
20200118,4,A,720
20200120,4,A,2473
20200121,4,A,2484
20200122,4,A,1882
20200123,4,A,1618
20200124,4,A,406
20200127,4,A,490
20200128,4,A,2152
20200129,4,A,2154
20200130,4,A,1783
20200131,4,A,3249
20200201,4,A,862
20200203,4,A,1944
20200204,4,A,1990
20200205,4,A,1810
20200206,4,A,1485
20200207,4,A,1500
20200208,4,A,952
20200209,4,A,120
20200210,4,A,1549
20200211,4,A,1447
20200212,4,A,1528
20200213,4,A,1252
20200214,4,A,1833
20200215,4,A,475
20200216,4,A,22
20200217,4,A,1321
20200218,4,A,1725
20200219,4,A,1134
20200220,4,A,1471
20200221,4,A,1396
20200222,4,A,1897
20200224,4,A,1752
20200225,4,A,2028
20200226,4,A,2257
20200227,4,A,1537
20200228,4,A,2925
20200229,4,A,1062
20200301,4,A,165
20200302,4,A,1812
20200303,4,A,1885
20200304,4,A,1497
20200305,4,A,1417
20200306,4,A,1636
20200307,4,A,1171
20200309,4,A,1494
20200310,4,A,1651
20200311,4,A,2089
20200312,4,A,1446
20200313,4,A,1702
20200314,4,A,646
20200316,4,A,1560
20200317,4,A,1828
20200318,4,A,1620
20200319,4,A,1449
20200320,4,A,1555
20200321,4,A,1312
20200322,4,A,27
20200323,4,A,1443
20200324,4,A,1789
20200325,4,A,2236
20200326,4,A,1597
20200327,4,A,2395
20200328,4,A,853
20200330,4,A,1428
20200331,4,A,2091
20200401,4,A,1231
20200402,4,A,1588
20200403,4,A,1900
20200404,4,A,513
20200406,4,A,1363
20200407,4,A,1825
20200408,4,A,1813
20200409,4,A,1900
20200410,4,A,1851
20200411,4,A,1768
20200413,4,A,1261
20200414,4,A,1764
20200415,4,A,888
20200416,4,A,1482
20200417,4,A,1840
20200418,4,A,417
20200420,4,A,1614
20200421,4,A,2122
20200422,4,A,1617
20200423,4,A,1564
20200424,4,A,2041
20200425,4,A,1384
20200427,4,A,2121
20200428,4,A,2244
20200429,4,A,2176
20200430,4,A,1987
20200501,4,A,1329
20200502,4,A,535
20200504,4,A,1105
20200505,4,A,1050
20200506,4,A,2010
20200507,4,A,1917
20200508,4,A,2262
20200509,4,A,1158
20200511,4,A,1747
20200512,4,A,1888
20200513,4,A,1675
20200514,4,A,1536
20200515,4,A,1759
20200516,4,A,424
20200518,4,A,1675
20200519,4,A,2014
20200520,4,A,2020
20200521,4,A,1585
20200522,4,A,1998
20200523,4,A,1621
20200525,4,A,2665
20200526,4,A,1980
20200527,4,A,1635
20200528,4,A,1740
20200529,4,A,2976
20200530,4,A,990
20200601,4,A,1728
20200602,4,A,1902
20200603,4,A,1885
20200604,4,A,1902
20200605,4,A,2146
20200606,4,A,483
20200608,4,A,852
20200609,4,A,1228
20200610,4,A,1507
20200611,4,A,1663
20200612,4,A,2614
20200613,4,A,1153
20200615,4,A,1882
20200616,4,A,1719
20200617,4,A,2040
20200618,4,A,1894
20200619,4,A,2392
20200620,4,A,921
20200622,4,A,1341
20200623,4,A,1765
20200624,4,A,2091
20200625,4,A,2244
20200626,4,A,1978
20200627,4,A,1462
20200629,4,A,1416
20200630,4,A,4045
20200701,4,A,1582
20200702,4,A,1771
20200703,4,A,2394
20200704,4,A,658
20200706,4,A,1542
20200707,4,A,2539
20200708,4,A,2064
20200709,4,A,1980
20200710,4,A,1744
20200711,4,A,978
20200713,4,A,1426
20200714,4,A,2206
20200715,4,A,2365
20200716,4,A,1897
20200717,4,A,2457
20200718,4,A,666
20200720,4,A,1710
20200721,4,A,2041
20200722,4,A,1890
20200723,4,A,1842
20200724,4,A,1731
20200725,4,A,1212
20200727,4,A,1660
20200728,4,A,2386
20200729,4,A,2682
20200730,4,A,2224
20200731,4,A,3573
20200801,4,A,760
20200803,4,A,1408
20200804,4,A,2004
20200805,4,A,1629
20200806,4,A,1836
20200807,4,A,1299
20200808,4,A,1344
20200810,4,A,1206
20200811,4,A,1968
20200812,4,A,2925
20200813,4,A,2214
20200814,4,A,2200
20200815,4,A,594
20200817,4,A,1603
20200818,4,A,2212
20200819,4,A,2026
20200820,4,A,1720
20200821,4,A,2005
20200822,4,A,522
20200824,4,A,1792
20200825,4,A,2044
20200826,4,A,2335
20200827,4,A,1395
20200828,4,A,1582
20200829,4,A,1636
20200830,4,A,45
20200831,4,A,2287
20200901,4,A,4600
20200902,4,A,1924
20200903,4,A,2209
20200904,4,A,2926
20200905,4,A,730
20200907,4,A,1713
20200908,4,A,2550
20200909,4,A,2797
20200910,4,A,2632
20200911,4,A,2884
20200912,4,A,1548
20200914,4,A,2134
20200915,4,A,2775
20200916,4,A,2397
20200917,4,A,2443
20200918,4,A,2760
20200919,4,A,1054
20200921,4,A,1915
20200922,4,A,2277
20200923,4,A,2734
20200924,4,A,2578
20200925,4,A,2367
20200926,4,A,748
20200928,4,A,1408
20200929,4,A,2733
20200930,4,A,27
20201003,4,A,321
20201005,4,A,1639
20201006,4,A,2580
20201007,4,A,2193
20201008,4,A,1944
20201009,4,A,1243
20201010,4,A,757
20201011,4,A,58
20201012,4,A,1719
20201013,4,A,2010
20201014,4,A,2562
20201015,4,A,1831
20201016,4,A,1984
20201017,4,A,693
20201019,4,A,1737
20201020,4,A,1756
20201021,4,A,1387
20201022,4,A,1696
20201023,4,A,1779
20201024,4,A,742
20201026,4,A,1387
20201027,4,A,1773
20201028,4,A,2949
20201029,4,A,3198
20201030,4,A,2739
20201031,4,A,1096
20201101,4,A,13
20201102,4,A,1819
20201103,4,A,2418
20201104,4,A,1402
20201105,4,A,1654
20201106,4,A,1849
20201107,4,A,966
20201109,4,A,1456
20201110,4,A,1620
20201111,4,A,2134
20201112,4,A,1666
20201113,4,A,1642
20201114,4,A,1255
20201116,4,A,1555
20201117,4,A,1551
20201118,4,A,1218
20201119,4,A,1293
20201120,4,A,1434
20201121,4,A,508
20201123,4,A,1416
20201124,4,A,945
20201125,4,A,1810
20201126,4,A,819
20201127,4,A,1059
20201128,4,A,1500
20201130,4,A,1780
20201201,4,A,3928
20201202,4,A,1093
20201203,4,A,1264
20201204,4,A,1527
20201205,4,A,478
20201207,4,A,1387
20201208,4,A,1281
20201209,4,A,1441
20201210,4,A,1453
20201211,4,A,1461
20201212,4,A,784
20201214,4,A,1905
20201215,4,A,1909
20201216,4,A,1738
20201217,4,A,1443
20201218,4,A,2077
20201219,4,A,912
20201221,4,A,1635
20201222,4,A,1798
20201223,4,A,2293
20201224,4,A,1564
20201225,4,A,768
20201226,4,A,613
20201228,4,A,1828
20201229,4,A,1573
20201230,4,A,1630
20201231,4,A,2214
20210101,4,A,1497
20210102,4,A,1128
20210104,4,A,1849
20210105,4,A,2707
20210106,4,A,2097
20210107,4,A,2433
20210108,4,A,1939
20210109,4,A,1434
20210111,4,A,1426
20210112,4,A,1984
20210113,4,A,2706
20210114,4,A,1732
20210115,4,A,2494
20210116,4,A,978
20210118,4,A,1590
20210119,4,A,2182
20210120,4,A,2175
20210121,4,A,2112
20210122,4,A,2049
20210123,4,A,1173
20210125,4,A,1875
20210126,4,A,2425
20210127,4,A,2019
20210128,4,A,2214
20210129,4,A,4612
20210130,4,A,1254
20210201,4,A,1476
20210202,4,A,2307
20210203,4,A,1648
20210204,4,A,1792
20210205,4,A,2241
20210206,4,A,714
20210208,4,A,1734
20210209,4,A,2154
20210210,4,A,1416
20210214,4,A,300
20210215,4,A,2365
20210216,4,A,1870
20210217,4,A,1692
20210218,4,A,1693
20210219,4,A,1947
20210220,4,A,709
20210222,4,A,1725
20210223,4,A,2254
20210224,4,A,3327
20210225,4,A,3172
20210226,4,A,2860
20210227,4,A,1102
20210228,4,A,4
20210301,4,A,531
20210302,4,A,1116
20210303,4,A,1506
20210304,4,A,1419
20210305,4,A,1876
20210306,4,A,657
20210308,4,A,1741
20210309,4,A,1852
20210310,4,A,1564
20210311,4,A,1387
20210312,4,A,1390
20210313,4,A,1240
20210315,4,A,1530
20210316,4,A,1584
20210317,4,A,1354
20210318,4,A,1578
20210319,4,A,2091
20210320,4,A,553
20210322,4,A,1362
20210323,4,A,1651
20210324,4,A,1417
20210325,4,A,1725
20210326,4,A,1764
20210327,4,A,1275
20210329,4,A,2823
20210330,4,A,2070
20210331,4,A,2764
20210401,4,A,1455
20210402,4,A,1797
20210403,4,A,553
20210405,4,A,1491
20210406,4,A,1501
20210407,4,A,1948
20210408,4,A,1318
20210409,4,A,1285
20210410,4,A,1120
20210412,4,A,816
20210413,4,A,1812
20210414,4,A,1795
20210415,4,A,2113
20210416,4,A,1992
20210417,4,A,807
20210419,4,A,1420
20210420,4,A,1785
20210421,4,A,2238
20210422,4,A,2058
20210423,4,A,1408
20210424,4,A,1036
20210426,4,A,1524
20210427,4,A,2140
20210428,4,A,2061
20210429,4,A,1684
20210430,4,A,2841
20210501,4,A,790
20210503,4,A,1512
20210504,4,A,1521
20210505,4,A,846
20210506,4,A,1362
20210507,4,A,1690
20210508,4,A,1179
20210510,4,A,1362
20210511,4,A,1341
20210512,4,A,1612
20210513,4,A,1713
20210514,4,A,2164
20210515,4,A,552
20210517,4,A,2247
20210518,4,A,1998
20210519,4,A,969
20210520,4,A,1465
20210521,4,A,1647
20210522,4,A,849
20210524,4,A,1839
20210525,4,A,1752
20210526,4,A,1963
20210527,4,A,1926
20210528,4,A,2979
20210529,4,A,1588
20210531,4,A,2289
20210601,4,A,1188
20210602,4,A,1360
20210603,4,A,1555
20210604,4,A,1914
20210605,4,A,424
20210607,4,A,1231
20210608,4,A,1845
20210609,4,A,1642
20210610,4,A,1273
20210611,4,A,1732
20210612,4,A,933
20210614,4,A,1330
20210615,4,A,1974
20210616,4,A,1639
20210617,4,A,1630
20210618,4,A,1671
20210619,4,A,645
20210621,4,A,1450
20210622,4,A,2329
20210623,4,A,1776
20210624,4,A,1705
20210625,4,A,1858
20210626,4,A,1285
20210628,4,A,2442
20210629,4,A,2218
20210630,4,A,1789
20210701,4,A,1105
20210702,4,A,1749
20210703,4,A,300
20210704,4,A,229
20210705,4,A,1545
20210706,4,A,1888
20210707,4,A,1632
20210708,4,A,1749
20210709,4,A,1671
20210710,4,A,844
20210712,4,A,1866
20210713,4,A,1824
20210714,4,A,1581
20210715,4,A,1672
20210716,4,A,1822
20210717,4,A,550
20210719,4,A,1380
20210720,4,A,1654
20210721,4,A,1420
20210722,4,A,1536
20210723,4,A,1443
20210724,4,A,1749
20210726,4,A,2122
20210727,4,A,2425
20210728,4,A,1911
20210729,4,A,942
20210730,4,A,2359
20210731,4,A,738
20210802,4,A,1329
20210803,4,A,1699
20210804,4,A,1467
20210805,4,A,1479
20210806,4,A,1377
20210807,4,A,1530
20210809,4,A,1699
20210810,4,A,1963
20210811,4,A,1546
20210812,4,A,1614
20210813,4,A,2100
20210814,4,A,790
20210816,4,A,1485
20210817,4,A,1144
20210818,4,A,2008
20210819,4,A,1524
20210820,4,A,1885
20210821,4,A,667
20210823,4,A,1876
20210824,4,A,2536
20210825,4,A,2302
20210826,4,A,1714
20210827,4,A,3279
20210828,4,A,1335
20210830,4,A,2769
20210831,4,A,3195
20210901,4,A,2253
20210902,4,A,2361
20210903,4,A,2460
20210904,4,A,793
20210906,4,A,1590
20210907,4,A,2136
20210908,4,A,2205
20210909,4,A,1858
20210910,4,A,2272
20210911,4,A,831
20210913,4,A,1717
20210914,4,A,2182
20210915,4,A,1695
20210916,4,A,1579
20210917,4,A,1162
20210918,4,A,214
20210922,4,A,46
20210923,4,A,1716
20210924,4,A,2470
20210925,4,A,1582
20210927,4,A,1554
20210928,4,A,2233
20210929,4,A,1546
20210930,4,A,2347
20211001,4,A,1786
20211002,4,A,568
20211004,4,A,1024
20211005,4,A,1168
20211006,4,A,1552
20211007,4,A,1288
20211008,4,A,1620
20211009,4,A,1624
20211011,4,A,1450
20211012,4,A,1246
20211013,4,A,1720
20211014,4,A,1540
20211015,4,A,1818
20211016,4,A,733
20211018,4,A,1191
20211019,4,A,1480
20211020,4,A,1440
20211021,4,A,1656
20211022,4,A,1176
20211023,4,A,1695
20211025,4,A,2530
20211026,4,A,2323
20211027,4,A,2085
20211028,4,A,1308
20211029,4,A,1887
20211030,4,A,688
20211101,4,A,1512
20211102,4,A,2034
20211103,4,A,1993
20211104,4,A,1839
20211105,4,A,1866
20211106,4,A,1257
20211108,4,A,1788
20211109,4,A,1900
20211110,4,A,1785
20211111,4,A,1657
20211112,4,A,2215
20211113,4,A,805
20211115,4,A,1662
20211116,4,A,1753
20211117,4,A,1762
20211118,4,A,1461
20211119,4,A,1585
20211120,4,A,667
20211122,4,A,1342
20211123,4,A,1387
20211124,4,A,1540
20211125,4,A,1204
20211126,4,A,1845
20211127,4,A,1308
20211129,4,A,1609
20211130,4,A,1849
20211201,4,A,1722
20211202,4,A,1276
20211203,4,A,1395
20211204,4,A,582
20211206,4,A,1332
20211207,4,A,1294
20211208,4,A,1435
20211209,4,A,994
20211210,4,A,1045
20211211,4,A,972
20211213,4,A,1038
20211214,4,A,1624
20211215,4,A,1444
20211216,4,A,1414
20211217,4,A,1753
20211218,4,A,531
20211220,4,A,1377
20211221,4,A,1498
20211222,4,A,1303
20211223,4,A,1381
20211224,4,A,1324
20211225,4,A,1026
20211227,4,A,1215
20211228,4,A,1938
20211229,4,A,1747
20211230,4,A,1129
20211231,4,A,2896
20220101,4,A,966
20220103,4,A,1596
20220104,4,A,1860
20220105,4,A,1933
20220106,4,A,1992
20220107,4,A,2256
20220108,4,A,1777
20220110,4,A,2058
20220111,4,A,2302
20220112,4,A,2331
20220113,4,A,2760
20220114,4,A,2334
20220115,4,A,814
20220117,4,A,1632
20220118,4,A,2461
20220119,4,A,2142
20220120,4,A,2164
20220121,4,A,1851
20220122,4,A,781
20220124,4,A,1614
20220125,4,A,2116
20220126,4,A,1857
20220127,4,A,1219
20220128,4,A,1452
20220129,4,A,355
20220201,4,A,2517
20220202,4,A,144
20220203,4,A,2514
20220204,4,A,1920
20220205,4,A,745
20220207,4,A,1272
20220208,4,A,1459
20220209,4,A,1027
20220210,4,A,975
20220211,4,A,1123
20220212,4,A,1009
20220214,4,A,1161
20220215,4,A,1600
20220216,4,A,1450
20220217,4,A,1185
20220218,4,A,1371
20220219,4,A,525
20220221,4,A,1686
20220222,4,A,1800
20220223,4,A,1629
20220224,4,A,2593
20220225,4,A,1680
20220226,4,A,1987
20220228,4,A,2008
20220301,4,A,1185
20220302,4,A,912
20220303,4,A,1540
20220304,4,A,1638
20220305,4,A,742
20220307,4,A,1072
20220308,4,A,993
20220309,4,A,867
20220310,4,A,1342
20220311,4,A,1444
20220312,4,A,1326
20220314,4,A,1048
20220315,4,A,1926
20220316,4,A,1396
20220317,4,A,1479
20220318,4,A,1563
20220319,4,A,615
20220321,4,A,1330
20220322,4,A,1983
20220323,4,A,1414
20220324,4,A,1338
20220325,4,A,1623
20220326,4,A,1467
20220328,4,A,1584
20220329,4,A,2047
20220330,4,A,1884
20220331,4,A,1779
20220401,4,A,1624
20220402,4,A,444
20220404,4,A,1320
20220405,4,A,1279
20220406,4,A,1198
20220407,4,A,1402
20220408,4,A,945
20220409,4,A,1072
20220411,4,A,1242
20220412,4,A,1543
20220413,4,A,1431
20220414,4,A,1248
20220415,4,A,1821
20220416,4,A,570
20220418,4,A,1578
20220419,4,A,1729
20220420,4,A,1309
20220421,4,A,1809
20220422,4,A,2125
20220423,4,A,1069
20220425,4,A,1420
20220426,4,A,2029
20220427,4,A,2043
20220428,4,A,2043
20220429,4,A,1630
20220430,4,A,774
20220502,4,A,1207
20220503,4,A,1216
20220504,4,A,841
20220505,4,A,634
20220506,4,A,784
20220507,4,A,1033
20220509,4,A,1026
20220510,4,A,1117
20220511,4,A,1206
20220512,4,A,1861
20220513,4,A,1839
20220514,4,A,613
20220516,4,A,1086
20220517,4,A,1272
20220518,4,A,900
20220519,4,A,787
20220520,4,A,1111
20220521,4,A,489
20220523,4,A,1189
20220524,4,A,1000
20220525,4,A,1359
20220526,4,A,1504
20220527,4,A,1680
20220528,4,A,1996
20220530,4,A,1393
20220531,4,A,1528
20220601,4,A,792
20220602,4,A,1125
20220603,4,A,1641
20220604,4,A,589
20220606,4,A,783
20220607,4,A,802
20220608,4,A,1461
20220609,4,A,1156
20220610,4,A,1354
20220611,4,A,1263
20220613,4,A,1254
20220614,4,A,1200
20220615,4,A,1518
20220616,4,A,1147
20220617,4,A,1729
20220618,4,A,570
20220620,4,A,1230
20220621,4,A,1404
20220622,4,A,1392
20220623,4,A,1461
20220624,4,A,1740
20220625,4,A,1294
20220627,4,A,2095
20220628,4,A,2508
20220629,4,A,1597
20220630,4,A,1794
20220701,4,A,1798
20220702,4,A,594
20220704,4,A,1035
20220705,4,A,1569
20220706,4,A,1591
20220707,4,A,1870
20220708,4,A,1563
20220709,4,A,913
20220711,4,A,1459
20220712,4,A,1930
20220713,4,A,1690
20220714,4,A,1470
20220715,4,A,1659
20220716,4,A,651
20220718,4,A,1413
20220719,4,A,1807
20220720,4,A,1614
20220721,4,A,1417
20220722,4,A,1668
20220723,4,A,1002
20220724,4,A,12
20220725,4,A,1570
20220726,4,A,1459
20220727,4,A,1783
20220728,4,A,1560
20220729,4,A,2563
20220730,4,A,675
20220801,4,A,1126
20220802,4,A,1801
20220803,4,A,1611
20220804,4,A,1387
20220805,4,A,1648
20220806,4,A,1293
20220808,4,A,1212
20220809,4,A,1294
20220810,4,A,1803
20220811,4,A,1645
20220812,4,A,1941
20220813,4,A,1060
20220815,4,A,891
20220816,4,A,1866
20220817,4,A,2535
20220818,4,A,2523
20220819,4,A,2604
20220820,4,A,1111
20220822,4,A,1623
20220823,4,A,2208
20220824,4,A,1714
20220825,4,A,1984
20220826,4,A,2055
20220827,4,A,1221
20220829,4,A,1762
20220830,4,A,1870
20220831,4,A,2515
20220901,4,A,1510
20220902,4,A,2196
20220903,4,A,600
20220905,4,A,1218
20220906,4,A,2109
20220907,4,A,1213
20220908,4,A,1282
20220909,4,A,60
20220912,4,A,235
20220913,4,A,1236
20220914,4,A,1909
20220915,4,A,1485
20220916,4,A,1446
20220917,4,A,555
20220919,4,A,1357
20220920,4,A,1894
20220921,4,A,1536
20220922,4,A,1498
20220923,4,A,1470
20220924,4,A,1092
20220926,4,A,1593
20220927,4,A,1635
20220928,4,A,1453
20220929,4,A,987
20220930,4,A,1908
20221001,4,A,576
20221003,4,A,747
20221004,4,A,1461
20221005,4,A,1633
20221006,4,A,1951
20221007,4,A,1407
20221008,4,A,1414
20221010,4,A,933
20221011,4,A,1125
20221012,4,A,1836
20221013,4,A,1503
20221014,4,A,1837
20221015,4,A,543
20221017,4,A,1447
20221018,4,A,1498
20221019,4,A,1417
20221020,4,A,1965
20221021,4,A,1834
20221022,4,A,1297
20221024,4,A,1831
20221025,4,A,2077
20221026,4,A,2503
20221027,4,A,1683
20221028,4,A,1687
20221029,4,A,765
20221031,4,A,1809
20221101,4,A,5425
20221102,4,A,4134
20221103,4,A,3468
20221104,4,A,3750
20221105,4,A,1561
20221107,4,A,3571
20221108,4,A,4512
20221109,4,A,4347
20221110,4,A,3714
20221111,4,A,3934
20221112,4,A,2641
20221114,4,A,3465
20221115,4,A,4399
20221116,4,A,4365
20221117,4,A,3379
20221118,4,A,4687
20221119,4,A,2172
20221121,4,A,4794
20221122,4,A,3333
20221123,4,A,3778
20221124,4,A,3604
20221125,4,A,4498
20221126,4,A,2592
20221128,4,A,3622
20221129,4,A,3210
20221130,4,A,3493
20221201,4,A,1084
20221202,4,A,1734
20221203,4,A,487
20221205,4,A,1392
20221206,4,A,939
20221207,4,A,1009
20221208,4,A,1033
20221209,4,A,946
20221210,4,A,766
20221212,4,A,1054
20221213,4,A,1057
20221214,4,A,1326
20221215,4,A,1233
20221216,4,A,1110
20221217,4,A,462
20221219,4,A,1104
20221220,4,A,1231
20221221,4,A,1392
20221222,4,A,1876
20221223,4,A,1779
20221224,4,A,1114
20221226,4,A,2172
20221227,4,A,2229
20221228,4,A,2124
20221229,4,A,1395
20221230,4,A,2025
20221231,4,A,1128
20230102,4,A,2590
20230103,4,A,2857
20230104,4,A,2778
20230105,4,A,2506
20230106,4,A,2193
20230107,4,A,1357
20230109,4,A,2451
20230110,4,A,2425
20230111,4,A,2565
20230112,4,A,1758
20230113,4,A,2181
20230114,4,A,867
20230116,4,A,1474
20230117,4,A,2421
20230118,4,A,2067
20230119,4,A,1563
20230120,4,A,1233
20230121,4,A,33
20230124,4,A,172
20230125,4,A,1923
20230126,4,A,2673
20230127,4,A,2422
20230128,4,A,1665
20230130,4,A,1591
20230131,4,A,1126
20230201,4,A,1288
20230202,4,A,943
20230203,4,A,1185
20230204,4,A,565
20230206,4,A,823
20230207,4,A,1107
20230208,4,A,1033
20230209,4,A,871
20230210,4,A,1038
20230211,4,A,1177
20230213,4,A,1110
20230214,4,A,1297
20230215,4,A,1762
20230216,4,A,1291
20230217,4,A,1386
20230218,4,A,781
20230220,4,A,1002
20230221,4,A,1371
20230222,4,A,1453
20230223,4,A,1452
20230224,4,A,1626
20230225,4,A,1245
20230227,4,A,978
20230228,4,A,1720
20230301,4,A,682
20230302,4,A,1182
20230303,4,A,1635
20230304,4,A,592
20230306,4,A,1084
20230307,4,A,1165
20230308,4,A,1269
20230309,4,A,994
20230310,4,A,1342
20230311,4,A,1248
20230313,4,A,1021
20230314,4,A,1105
20230315,4,A,1090
20230316,4,A,1317
20230317,4,A,1551
20230318,4,A,513
20230320,4,A,1221
20230321,4,A,1750
20230322,4,A,1662
20230323,4,A,1428
20230324,4,A,1356
20230325,4,A,1660
20230327,4,A,1630
20230328,4,A,1776
20230329,4,A,1761
20230330,4,A,1426
20230331,4,A,1306
20230401,4,A,568
20230403,4,A,1299
20230404,4,A,1084
20230405,4,A,1132
20230406,4,A,1290
20230407,4,A,1236
20230408,4,A,1377
20230410,4,A,1123
20230411,4,A,1083
20230412,4,A,1242
20230413,4,A,1035
20230414,4,A,1060
20230415,4,A,589
20230417,4,A,981
20230418,4,A,1293
20230419,4,A,1210
20230420,4,A,1305
20230421,4,A,1392
20230422,4,A,768
20230424,4,A,1453
20230425,4,A,1507
20230426,4,A,1726
20230427,4,A,2013
20230428,4,A,2949
20230429,4,A,727
20230501,4,A,436
20230502,4,A,742
20230503,4,A,1540
20230504,4,A,1107
20230505,4,A,970
20230506,4,A,387
20230508,4,A,1186
20230509,4,A,1497
20230510,4,A,1285
20230511,4,A,1029
20230512,4,A,1141
20230513,4,A,826
20230515,4,A,1614
20230516,4,A,1516
20230517,4,A,1891
20230518,4,A,1420
20230519,4,A,1407
20230520,4,A,729
20230522,4,A,1321
20230523,4,A,1528
20230524,4,A,1414
20230525,4,A,1540
20230526,4,A,1353
20230527,4,A,1545
20230529,4,A,850
20230530,4,A,1915
20230531,4,A,1971
20230601,4,A,1356
20230602,4,A,1689
20230603,4,A,642
20230605,4,A,900
20230606,4,A,1099
20230607,4,A,1084
20230608,4,A,1108
20230609,4,A,1270
20230610,4,A,1008
20230612,4,A,1105
20230613,4,A,1203
20230614,4,A,1498
20230615,4,A,1119
20230616,4,A,1302
20230617,4,A,574
20230619,4,A,1201
20230620,4,A,1357
20230621,4,A,1176
20230622,4,A,1255
20230623,4,A,1536
20230624,4,A,1314
20230626,4,A,1635
20230627,4,A,2157
20230628,4,A,2331
20230629,4,A,1611
20230630,4,A,1977
20200803,5,A,31
20200804,5,A,61
20200805,5,A,63
20200806,5,A,28
20200807,5,A,40
20200808,5,A,34
20200810,5,A,25
20200811,5,A,49
20200812,5,A,51
20200813,5,A,82
20200814,5,A,39
20200816,5,A,9
20200817,5,A,25
20200818,5,A,91
20200819,5,A,66
20200820,5,A,157
20200821,5,A,43
20200823,5,A,51
20200824,5,A,28
20200825,5,A,57
20200826,5,A,52
20200827,5,A,60
20200828,5,A,66
20200830,5,A,34
20200831,5,A,24
20200901,5,A,73
20200902,5,A,157
20200903,5,A,157
20200904,5,A,147
20200905,5,A,73
20200906,5,A,27
20200907,5,A,63
20200908,5,A,148
20200909,5,A,144
20200910,5,A,153
20200911,5,A,120
20200912,5,A,66
20200913,5,A,105
20200914,5,A,36
20200915,5,A,96
20200916,5,A,162
20200917,5,A,237
20200918,5,A,205
20200919,5,A,93
20200920,5,A,54
20200921,5,A,130
20200922,5,A,174
20200923,5,A,145
20200924,5,A,258
20200925,5,A,183
20200926,5,A,85
20200927,5,A,48
20200928,5,A,133
20200929,5,A,151
20200930,5,A,108
20201002,5,A,3
20201004,5,A,13
20201005,5,A,24
20201006,5,A,135
20201007,5,A,229
20201008,5,A,313
20201009,5,A,231
20201010,5,A,213
20201011,5,A,69
20201012,5,A,94
20201013,5,A,42
20201014,5,A,349
20201015,5,A,226
20201016,5,A,270
20201017,5,A,103
20201018,5,A,72
20201019,5,A,207
20201020,5,A,222
20201021,5,A,288
20201022,5,A,250
20201023,5,A,219
20201024,5,A,168
20201025,5,A,63
20201026,5,A,210
20201027,5,A,228
20201028,5,A,273
20201029,5,A,232
20201030,5,A,163
20201031,5,A,76
20201101,5,A,31
20201102,5,A,145
20201103,5,A,183
20201104,5,A,417
20201105,5,A,394
20201106,5,A,450
20201107,5,A,396
20201108,5,A,61
20201109,5,A,444
20201110,5,A,213
20201111,5,A,274
20201112,5,A,478
20201113,5,A,318
20201114,5,A,288
20201115,5,A,63
20201116,5,A,298
20201117,5,A,108
20201118,5,A,589
20201119,5,A,442
20201120,5,A,324
20201121,5,A,390
20201122,5,A,63
20201123,5,A,223
20201124,5,A,144
20201125,5,A,525
20201126,5,A,171
20201127,5,A,220
20201128,5,A,121
20201129,5,A,51
20201130,5,A,142
20201201,5,A,249
20201202,5,A,318
20201203,5,A,375
20201204,5,A,231
20201205,5,A,274
20201206,5,A,40
20201207,5,A,244
20201208,5,A,136
20201209,5,A,535
20201210,5,A,450
20201211,5,A,321
20201212,5,A,1171
20201213,5,A,49
20201214,5,A,1168
20201215,5,A,1035
20201216,5,A,2487
20201217,5,A,1447
20201218,5,A,1240
20201219,5,A,1066
20201220,5,A,39
20201221,5,A,1111
20201222,5,A,1015
20201223,5,A,1941
20201224,5,A,1051
20201225,5,A,295
20201226,5,A,943
20201227,5,A,28
20201228,5,A,676
20201229,5,A,636
20201230,5,A,1909
20201231,5,A,1015
20210101,5,A,871
20210102,5,A,504
20210103,5,A,33
20210104,5,A,351
20210105,5,A,621
20210106,5,A,3201
20210107,5,A,1917
20210108,5,A,1905
20210109,5,A,1107
20210110,5,A,49
20210111,5,A,1158
20210112,5,A,784
20210113,5,A,1738
20210114,5,A,1239
20210115,5,A,1156
20210116,5,A,963
20210117,5,A,34
20210118,5,A,1056
20210119,5,A,745
20210120,5,A,2311
20210121,5,A,1485
20210122,5,A,1555
20210123,5,A,1266
20210124,5,A,39
20210125,5,A,1323
20210126,5,A,838
20210127,5,A,1762
20210128,5,A,1438
20210129,5,A,1131
20210130,5,A,940
20210131,5,A,25
20210201,5,A,1180
20210202,5,A,822
20210203,5,A,1621
20210204,5,A,1378
20210205,5,A,1480
20210206,5,A,1320
20210207,5,A,52
20210208,5,A,1503
20210209,5,A,882
20210210,5,A,2056
20210211,5,A,1047
20210212,5,A,1
20210213,5,A,444
20210215,5,A,301
20210216,5,A,474
20210217,5,A,1882
20210218,5,A,1680
20210219,5,A,1315
20210220,5,A,1002
20210221,5,A,58
20210222,5,A,1200
20210223,5,A,883
20210224,5,A,1591
20210225,5,A,1159
20210226,5,A,1030
20210227,5,A,769
20210228,5,A,34
20210301,5,A,880
20210302,5,A,843
20210303,5,A,1111
20210304,5,A,1497
20210305,5,A,1402
20210306,5,A,1242
20210307,5,A,61
20210308,5,A,1195
20210309,5,A,628
20210310,5,A,2232
20210311,5,A,1420
20210312,5,A,1297
20210313,5,A,1060
20210314,5,A,49
20210315,5,A,1264
20210316,5,A,688
20210317,5,A,1663
20210318,5,A,1483
20210319,5,A,1389
20210320,5,A,1138
20210321,5,A,79
20210322,5,A,1279
20210323,5,A,748
20210324,5,A,1488
20210325,5,A,1171
20210326,5,A,1123
20210327,5,A,1111
20210328,5,A,49
20210329,5,A,1039
20210330,5,A,765
20210331,5,A,1392
20210401,5,A,777
20210402,5,A,939
20210403,5,A,1023
20210404,5,A,73
20210405,5,A,1440
20210406,5,A,931
20210407,5,A,1345
20210408,5,A,1219
20210409,5,A,1342
20210410,5,A,966
20210411,5,A,76
20210412,5,A,1233
20210413,5,A,988
20210414,5,A,1572
20210415,5,A,1185
20210416,5,A,1213
20210417,5,A,1287
20210418,5,A,82
20210419,5,A,1185
20210420,5,A,841
20210421,5,A,1716
20210422,5,A,1216
20210423,5,A,1254
20210424,5,A,1075
20210425,5,A,49
20210426,5,A,1138
20210427,5,A,772
20210428,5,A,1486
20210429,5,A,1162
20210430,5,A,1056
20210501,5,A,928
20210502,5,A,31
20210503,5,A,919
20210504,5,A,783
20210505,5,A,1642
20210506,5,A,1057
20210507,5,A,856
20210508,5,A,1201
20210509,5,A,57
20210510,5,A,1168
20210511,5,A,813
20210512,5,A,1822
20210513,5,A,1461
20210514,5,A,1357
20210515,5,A,1086
20210516,5,A,39
20210517,5,A,1155
20210518,5,A,846
20210519,5,A,1728
20210520,5,A,1143
20210521,5,A,936
20210522,5,A,802
20210523,5,A,58
20210524,5,A,864
20210525,5,A,511
20210526,5,A,1576
20210527,5,A,1102
20210528,5,A,1018
20210529,5,A,669
20210530,5,A,30
20210531,5,A,594
20210601,5,A,552
20210602,5,A,1047
20210603,5,A,1227
20210604,5,A,1410
20210605,5,A,945
20210606,5,A,60
20210607,5,A,990
20210608,5,A,667
20210609,5,A,1617
20210610,5,A,1038
20210611,5,A,1360
20210612,5,A,1005
20210613,5,A,25
20210614,5,A,1189
20210615,5,A,630
20210616,5,A,1815
20210617,5,A,1119
20210618,5,A,1108
20210619,5,A,889
20210620,5,A,42
20210621,5,A,871
20210622,5,A,538
20210623,5,A,1308
20210624,5,A,1111
20210625,5,A,943
20210626,5,A,588
20210627,5,A,45
20210628,5,A,630
20210629,5,A,600
20210630,5,A,1381
20210701,5,A,1813
20210702,5,A,690
20210703,5,A,669
20210705,5,A,1108
20210706,5,A,346
20210707,5,A,1614
20210708,5,A,1083
20210709,5,A,1075
20210710,5,A,628
20210711,5,A,48
20210712,5,A,978
20210713,5,A,634
20210714,5,A,1453
20210715,5,A,1303
20210716,5,A,1141
20210717,5,A,939
20210718,5,A,54
20210719,5,A,831
20210720,5,A,637
20210721,5,A,1617
20210722,5,A,1066
20210723,5,A,982
20210724,5,A,742
20210726,5,A,904
20210727,5,A,637
20210728,5,A,1408
20210729,5,A,1029
20210730,5,A,945
20210731,5,A,721
20210802,5,A,657
20210803,5,A,619
20210804,5,A,1342
20210805,5,A,1162
20210806,5,A,1057
20210807,5,A,780
20210809,5,A,1119
20210810,5,A,682
20210811,5,A,1288
20210812,5,A,961
20210813,5,A,1123
20210814,5,A,832
20210816,5,A,960
20210817,5,A,787
20210818,5,A,1302
20210819,5,A,1089
20210820,5,A,1171
20210821,5,A,813
20210822,5,A,63
20210823,5,A,925
20210824,5,A,760
20210825,5,A,1228
20210826,5,A,933
20210827,5,A,1012
20210828,5,A,672
20210829,5,A,58
20210830,5,A,858
20210831,5,A,636
20210901,5,A,2784
20210902,5,A,1146
20210903,5,A,1387
20210904,5,A,1242
20210905,5,A,60
20210906,5,A,1485
20210907,5,A,1092
20210908,5,A,2952
20210909,5,A,1897
20210910,5,A,1959
20210911,5,A,937
20210912,5,A,54
20210913,5,A,1074
20210914,5,A,829
20210915,5,A,2884
20210916,5,A,1582
20210917,5,A,1282
20210918,5,A,756
20210919,5,A,12
20210920,5,A,439
20210922,5,A,136
20210923,5,A,387
20210924,5,A,570
20210925,5,A,1189
20210926,5,A,60
20210927,5,A,1632
20210928,5,A,1008
20210929,5,A,2376
20210930,5,A,1659
20211001,5,A,1740
20211002,5,A,786
20211003,5,A,33
20211004,5,A,1459
20211005,5,A,1051
20211006,5,A,1726
20211007,5,A,1609
20211008,5,A,1413
20211009,5,A,898
20211010,5,A,30
20211011,5,A,991
20211012,5,A,930
20211013,5,A,1656
20211014,5,A,1879
20211015,5,A,2058
20211016,5,A,1050
20211017,5,A,30
20211018,5,A,1516
20211019,5,A,985
20211020,5,A,1905
20211021,5,A,1404
20211022,5,A,1282
20211023,5,A,982
20211024,5,A,30
20211025,5,A,1269
20211026,5,A,820
20211027,5,A,1384
20211028,5,A,1249
20211029,5,A,1122
20211030,5,A,681
20211031,5,A,25
20211101,5,A,985
20211102,5,A,831
20211103,5,A,1897
20211104,5,A,2448
20211105,5,A,2148
20211106,5,A,865
20211107,5,A,48
20211108,5,A,1203
20211109,5,A,1200
20211110,5,A,2346
20211111,5,A,1267
20211112,5,A,1785
20211113,5,A,987
20211114,5,A,42
20211115,5,A,1332
20211116,5,A,991
20211117,5,A,2151
20211118,5,A,1230
20211119,5,A,1078
20211120,5,A,861
20211121,5,A,43
20211122,5,A,1437
20211123,5,A,1135
20211124,5,A,1395
20211125,5,A,1219
20211126,5,A,1462
20211127,5,A,1000
20211128,5,A,30
20211129,5,A,946
20211130,5,A,612
20211201,5,A,1059
20211202,5,A,915
20211203,5,A,1356
20211204,5,A,1078
20211205,5,A,51
20211206,5,A,1332
20211207,5,A,868
20211208,5,A,1660
20211209,5,A,1191
20211210,5,A,1336
20211211,5,A,927
20211212,5,A,67
20211213,5,A,1213
20211214,5,A,855
20211215,5,A,1558
20211216,5,A,1734
20211217,5,A,1500
20211218,5,A,999
20211219,5,A,15
20211220,5,A,1056
20211221,5,A,771
20211222,5,A,1701
20211223,5,A,1810
20211224,5,A,1042
20211225,5,A,829
20211226,5,A,45
20211227,5,A,1914
20211228,5,A,1281
20211229,5,A,1612
20211230,5,A,1326
20211231,5,A,1147
20220101,5,A,603
20220102,5,A,49
20220103,5,A,718
20220104,5,A,577
20220105,5,A,2317
20220106,5,A,1770
20220107,5,A,1551
20220108,5,A,1326
20220109,5,A,40
20220110,5,A,1765
20220111,5,A,1024
20220112,5,A,1957
20220113,5,A,1680
20220114,5,A,1849
20220115,5,A,946
20220116,5,A,121
20220117,5,A,1567
20220118,5,A,987
20220119,5,A,1977
20220120,5,A,1828
20220121,5,A,1470
20220122,5,A,1114
20220123,5,A,54
20220124,5,A,1263
20220125,5,A,963
20220126,5,A,1900
20220127,5,A,1591
20220128,5,A,1524
20220129,5,A,808
20220130,5,A,18
20220131,5,A,418
20220201,5,A,9
20220202,5,A,334
20220203,5,A,391
20220204,5,A,333
20220205,5,A,621
20220206,5,A,85
20220207,5,A,1095
20220208,5,A,517
20220209,5,A,1216
20220210,5,A,1072
20220211,5,A,807
20220212,5,A,523
20220213,5,A,33
20220214,5,A,718
20220215,5,A,535
20220216,5,A,1054
20220217,5,A,802
20220218,5,A,630
20220219,5,A,504
20220220,5,A,70
20220221,5,A,753
20220222,5,A,498
20220223,5,A,894
20220224,5,A,784
20220225,5,A,766
20220226,5,A,579
20220227,5,A,40
20220228,5,A,831
20220301,5,A,541
20220302,5,A,715
20220303,5,A,420
20220304,5,A,783
20220305,5,A,651
20220307,5,A,643
20220308,5,A,553
20220309,5,A,903
20220310,5,A,705
20220311,5,A,471
20220312,5,A,736
20220314,5,A,786
20220315,5,A,532
20220316,5,A,828
20220317,5,A,856
20220318,5,A,807
20220319,5,A,774
20220320,5,A,81
20220321,5,A,637
20220322,5,A,459
20220323,5,A,846
20220324,5,A,949
20220325,5,A,657
20220326,5,A,573
20220327,5,A,49
20220328,5,A,508
20220329,5,A,609
20220330,5,A,825
20220331,5,A,658
20220401,5,A,91227
20220402,5,A,804
20220403,5,A,10
20220404,5,A,961
20220405,5,A,475
20220406,5,A,838
20220407,5,A,865
20220408,5,A,667
20220409,5,A,675
20220410,5,A,58
20220411,5,A,604
20220412,5,A,600
20220413,5,A,915
20220414,5,A,759
20220415,5,A,733
20220416,5,A,525
20220417,5,A,52
20220418,5,A,573
20220419,5,A,460
20220420,5,A,1132
20220421,5,A,715
20220422,5,A,817
20220423,5,A,690
20220424,5,A,48
20220425,5,A,640
20220426,5,A,388
20220427,5,A,1035
20220428,5,A,796
20220429,5,A,739
20220430,5,A,532
20220501,5,A,85
20220502,5,A,556
20220503,5,A,415
20220504,5,A,801
20220505,5,A,591
20220506,5,A,661
20220507,5,A,345
20220508,5,A,39
20220509,5,A,463
20220510,5,A,364
20220511,5,A,910
20220512,5,A,678
20220513,5,A,645
20220514,5,A,525
20220515,5,A,58
20220516,5,A,466
20220517,5,A,430
20220518,5,A,786
20220519,5,A,633
20220520,5,A,564
20220521,5,A,601
20220523,5,A,502
20220524,5,A,364
20220525,5,A,771
20220526,5,A,552
20220527,5,A,682
20220528,5,A,615
20220529,5,A,67
20220530,5,A,636
20220531,5,A,444
20220601,5,A,561
20220602,5,A,673
20220603,5,A,423
20220604,5,A,612
20220605,5,A,99
20220606,5,A,733
20220607,5,A,678
20220608,5,A,588
20220609,5,A,601
20220610,5,A,751
20220611,5,A,552
20220612,5,A,39
20220613,5,A,585
20220614,5,A,414
20220615,5,A,801
20220616,5,A,586
20220617,5,A,535
20220618,5,A,571
20220619,5,A,39
20220620,5,A,610
20220621,5,A,381
20220622,5,A,859
20220623,5,A,664
20220624,5,A,633
20220625,5,A,522
20220627,5,A,490
20220628,5,A,340
20220629,5,A,694
20220630,5,A,465
20220701,5,A,435
20220702,5,A,321
20220703,5,A,121
20220704,5,A,403
20220705,5,A,462
20220706,5,A,757
20220707,5,A,646
20220708,5,A,702
20220709,5,A,544
20220710,5,A,43
20220711,5,A,537
20220712,5,A,442
20220713,5,A,828
20220714,5,A,619
20220715,5,A,699
20220716,5,A,589
20220718,5,A,544
20220719,5,A,355
20220720,5,A,867
20220721,5,A,688
20220722,5,A,631
20220723,5,A,585
20220725,5,A,489
20220726,5,A,414
20220727,5,A,894
20220728,5,A,364
20220729,5,A,594
20220730,5,A,255
20220731,5,A,117
20220801,5,A,586
20220802,5,A,699
20220803,5,A,783
20220804,5,A,858
20220805,5,A,562
20220806,5,A,321
20220807,5,A,321
20220808,5,A,520
20220809,5,A,693
20220810,5,A,640
20220811,5,A,532
20220812,5,A,501
20220813,5,A,201
20220814,5,A,177
20220815,5,A,474
20220816,5,A,618
20220817,5,A,564
20220818,5,A,661
20220819,5,A,441
20220820,5,A,484
20220821,5,A,279
20220822,5,A,208
20220823,5,A,429
20220824,5,A,219
20220825,5,A,246
20220826,5,A,2929
20220827,5,A,723
20220829,5,A,639
20220830,5,A,595
20220831,5,A,781
20220901,5,A,670
20220902,5,A,775
20220903,5,A,400
20220904,5,A,343
20220905,5,A,687
20220906,5,A,712
20220907,5,A,840
20220908,5,A,643
20220909,5,A,213
20220911,5,A,39
20220912,5,A,93
20220913,5,A,355
20220914,5,A,519
20220915,5,A,1020
20220916,5,A,897
20220917,5,A,384
20220918,5,A,300
20220919,5,A,799
20220920,5,A,496
20220921,5,A,876
20220922,5,A,796
20220923,5,A,627
20220924,5,A,210
20220925,5,A,294
20220926,5,A,750
20220927,5,A,573
20220928,5,A,805
20220929,5,A,433
20220930,5,A,507
20221001,5,A,169
20221002,5,A,171
20221003,5,A,472
20221004,5,A,561
20221005,5,A,520
20221006,5,A,897
20221007,5,A,739
20221008,5,A,238
20221009,5,A,303
20221010,5,A,576
20221011,5,A,745
20221012,5,A,591
20221013,5,A,691
20221014,5,A,678
20221015,5,A,190
20221016,5,A,298
20221017,5,A,571
20221018,5,A,451
20221019,5,A,871
20221020,5,A,525
20221021,5,A,718
20221022,5,A,415
20221024,5,A,645
20221025,5,A,598
20221026,5,A,652
20221027,5,A,493
20221028,5,A,450
20221029,5,A,276
20221031,5,A,484
20221101,5,A,771
20221102,5,A,1146
20221103,5,A,1227
20221104,5,A,1332
20221105,5,A,429
20221106,5,A,354
20221107,5,A,1467
20221108,5,A,1344
20221109,5,A,1917
20221110,5,A,1326
20221111,5,A,1206
20221112,5,A,222
20221113,5,A,429
20221114,5,A,1171
20221115,5,A,1125
20221116,5,A,1468
20221117,5,A,1419
20221118,5,A,1356
20221119,5,A,363
20221120,5,A,522
20221121,5,A,1783
20221122,5,A,1026
20221123,5,A,1425
20221124,5,A,1122
20221125,5,A,1194
20221126,5,A,309
20221127,5,A,324
20221128,5,A,1306
20221129,5,A,930
20221130,5,A,1017
20221201,5,A,537
20221202,5,A,565
20221203,5,A,199
20221204,5,A,189
20221205,5,A,627
20221206,5,A,604
20221207,5,A,832
20221208,5,A,654
20221209,5,A,585
20221210,5,A,144
20221211,5,A,231
20221212,5,A,624
20221213,5,A,540
20221214,5,A,750
20221215,5,A,535
20221216,5,A,508
20221217,5,A,124
20221218,5,A,145
20221219,5,A,630
20221220,5,A,486
20221221,5,A,706
20221222,5,A,618
20221223,5,A,465
20221224,5,A,166
20221225,5,A,189
20221226,5,A,894
20221227,5,A,445
20221228,5,A,705
20221229,5,A,748
20221230,5,A,450
20221231,5,A,162
